Tensor_id,ActiveTime,InactiveTime
0,2317,2
1,2,2317
3,3,2316
4,1,2318
5,2312,7
6,4,2315
8,2,2317
9,1,2318
10,1,2318
11,2313,6
12,2313,6
13,1,2318
14,1,2318
15,1,2318
16,1,2318
19,2,2317
20,2,2317
22,3,2316
23,3,2316
24,2303,16
25,4,2315
27,2,2317
28,1,2318
29,1,2318
30,2304,15
31,2304,15
32,1,2318
33,1,2318
34,1,2318
35,1,2318
38,2,2317
39,2,2317
41,3,2316
42,3,2316
43,2294,25
44,4,2315
46,2,2317
47,1,2318
48,1,2318
49,2295,24
50,2295,24
51,1,2318
52,1,2318
53,1,2318
54,1,2318
57,2,2317
58,2287,32
59,2,2317
60,2,2317
62,3,2316
63,4,2315
64,2282,37
65,4,2315
67,2,2317
68,1,2318
69,1,2318
70,2283,36
71,2283,36
72,1,2318
73,1,2318
74,1,2318
75,1,2318
78,2,2317
79,2,2317
81,3,2316
82,3,2316
83,2273,46
84,4,2315
86,2,2317
87,1,2318
88,1,2318
89,2274,45
90,2274,45
91,1,2318
92,1,2318
93,1,2318
94,1,2318
97,2,2317
98,2,2317
100,3,2316
101,3,2316
102,2264,55
103,4,2315
105,2,2317
106,1,2318
107,1,2318
108,2265,54
109,2265,54
110,1,2318
111,1,2318
112,1,2318
113,1,2318
116,2260,59
117,2,2317
118,2258,61
120,3,2316
121,3,2316
122,3,2316
123,2252,67
125,3,2316
126,3,2316
127,3,2316
128,4,2315
129,2,2317
130,2,2317
132,3,2316
133,30,2289
134,2,2317
135,4,2315
137,2,2317
138,1,2318
139,1,2318
140,2242,77
141,2242,77
142,1,2318
143,1,2318
144,1,2318
145,1,2318
148,2240,79
149,7,2312
150,2,2317
152,3,2316
153,4,2315
154,2230,89
155,4,2315
157,2,2317
158,1,2318
159,1,2318
160,2231,88
161,2231,88
162,1,2318
163,1,2318
164,1,2318
165,1,2318
168,2,2317
169,2,2317
171,3,2316
172,3,2316
173,2221,98
174,4,2315
176,2,2317
177,1,2318
178,1,2318
179,2222,97
180,2222,97
181,1,2318
182,1,2318
183,1,2318
184,1,2318
187,2,2317
188,2,2317
190,3,2316
191,3,2316
192,2212,107
193,4,2315
195,2,2317
196,1,2318
197,1,2318
198,2213,106
199,2213,106
200,1,2318
201,1,2318
202,1,2318
203,1,2318
206,2208,111
207,2,2317
208,2206,113
210,3,2316
211,3,2316
212,3,2316
213,2200,119
215,3,2316
216,3,2316
217,3,2316
218,2,2317
219,2,2317
220,2195,124
221,29,2290
222,2,2317
224,3,2316
225,4,2315
226,2185,134
227,4,2315
229,2,2317
230,1,2318
231,1,2318
232,2186,133
233,2186,133
234,1,2318
235,1,2318
236,1,2318
237,1,2318
240,2,2317
241,2,2317
243,3,2316
244,3,2316
245,2176,143
246,4,2315
248,2,2317
249,1,2318
250,1,2318
251,2177,142
252,2177,142
253,1,2318
254,1,2318
255,1,2318
256,1,2318
259,2,2317
260,2,2317
262,3,2316
263,3,2316
264,2167,152
265,4,2315
267,2,2317
268,1,2318
269,1,2318
270,2168,151
271,2168,151
272,1,2318
273,1,2318
274,1,2318
275,1,2318
278,2163,156
279,2,2317
280,2161,158
282,3,2316
283,3,2316
284,3,2316
285,2155,164
287,3,2316
288,3,2316
289,3,2316
290,2,2317
291,2,2317
292,2150,169
293,29,2290
294,2,2317
296,3,2316
297,4,2315
298,2140,179
299,4,2315
301,2,2317
302,1,2318
303,1,2318
304,2141,178
305,2141,178
306,1,2318
307,1,2318
308,1,2318
309,1,2318
312,2,2317
313,2,2317
315,3,2316
316,3,2316
317,2131,188
318,4,2315
320,2,2317
321,1,2318
322,1,2318
323,2132,187
324,2132,187
325,1,2318
326,1,2318
327,1,2318
328,1,2318
331,2,2317
332,2,2317
334,3,2316
335,3,2316
336,2122,197
337,4,2315
339,2,2317
340,1,2318
341,1,2318
342,2123,196
343,2123,196
344,1,2318
345,1,2318
346,1,2318
347,1,2318
350,2118,201
351,2,2317
352,2116,203
354,3,2316
355,3,2316
356,3,2316
357,2110,209
359,3,2316
360,3,2316
361,3,2316
362,4,2315
363,2,2317
364,2,2317
366,3,2316
367,30,2289
368,2,2317
369,4,2315
371,2,2317
372,1,2318
373,1,2318
374,2100,219
375,2100,219
376,1,2318
377,1,2318
378,1,2318
379,1,2318
382,2098,221
383,7,2312
384,2,2317
386,3,2316
387,4,2315
388,2088,231
389,4,2315
391,2,2317
392,1,2318
393,1,2318
394,2089,230
395,2089,230
396,1,2318
397,1,2318
398,1,2318
399,1,2318
402,2,2317
403,2,2317
405,3,2316
406,3,2316
407,2079,240
408,4,2315
410,2,2317
411,1,2318
412,1,2318
413,2080,239
414,2080,239
415,1,2318
416,1,2318
417,1,2318
418,1,2318
421,2,2317
422,2,2317
424,3,2316
425,3,2316
426,2070,249
427,4,2315
429,2,2317
430,1,2318
431,1,2318
432,2071,248
433,2071,248
434,1,2318
435,1,2318
436,1,2318
437,1,2318
440,2066,253
441,2,2317
442,2064,255
444,3,2316
445,3,2316
446,3,2316
447,2058,261
449,3,2316
450,3,2316
451,3,2316
452,2,2317
453,2,2317
454,2053,266
455,29,2290
456,2,2317
458,3,2316
459,4,2315
460,2043,276
461,4,2315
463,2,2317
464,1,2318
465,1,2318
466,2044,275
467,2044,275
468,1,2318
469,1,2318
470,1,2318
471,1,2318
474,2,2317
475,2,2317
477,3,2316
478,3,2316
479,2034,285
480,4,2315
482,2,2317
483,1,2318
484,1,2318
485,2035,284
486,2035,284
487,1,2318
488,1,2318
489,1,2318
490,1,2318
493,2,2317
494,2,2317
496,3,2316
497,3,2316
498,2025,294
499,4,2315
501,2,2317
502,1,2318
503,1,2318
504,2026,293
505,2026,293
506,1,2318
507,1,2318
508,1,2318
509,1,2318
512,2021,298
513,2,2317
514,2019,300
516,3,2316
517,3,2316
518,3,2316
519,2013,306
521,3,2316
522,3,2316
523,3,2316
524,2,2317
525,2,2317
526,2008,311
527,29,2290
528,2,2317
530,3,2316
531,4,2315
532,1998,321
533,4,2315
535,2,2317
536,1,2318
537,1,2318
538,1999,320
539,1999,320
540,1,2318
541,1,2318
542,1,2318
543,1,2318
546,2,2317
547,2,2317
549,3,2316
550,3,2316
551,1989,330
552,4,2315
554,2,2317
555,1,2318
556,1,2318
557,1990,329
558,1990,329
559,1,2318
560,1,2318
561,1,2318
562,1,2318
565,2,2317
566,2,2317
568,3,2316
569,3,2316
570,1980,339
571,4,2315
573,2,2317
574,1,2318
575,1,2318
576,1981,338
577,1981,338
578,1,2318
579,1,2318
580,1,2318
581,1,2318
584,1976,343
585,2,2317
586,1974,345
588,3,2316
589,3,2316
590,3,2316
591,1968,351
593,3,2316
594,3,2316
595,3,2316
596,2,2317
597,2,2317
598,1963,356
599,29,2290
600,2,2317
602,3,2316
603,4,2315
604,1953,366
605,4,2315
607,2,2317
608,1,2318
609,1,2318
610,1954,365
611,1954,365
612,1,2318
613,1,2318
614,1,2318
615,1,2318
618,2,2317
619,2,2317
621,3,2316
622,3,2316
623,1944,375
624,4,2315
626,2,2317
627,1,2318
628,1,2318
629,1945,374
630,1945,374
631,1,2318
632,1,2318
633,1,2318
634,1,2318
637,2,2317
638,2,2317
640,3,2316
641,3,2316
642,1935,384
643,4,2315
645,2,2317
646,1,2318
647,1,2318
648,1936,383
649,1936,383
650,1,2318
651,1,2318
652,1,2318
653,1,2318
656,1931,388
657,2,2317
658,1929,390
660,3,2316
661,3,2316
662,3,2316
663,1923,396
665,3,2316
666,3,2316
667,3,2316
668,2,2317
669,2,2317
670,1918,401
671,29,2290
672,2,2317
674,3,2316
675,4,2315
676,1908,411
677,4,2315
679,2,2317
680,1,2318
681,1,2318
682,1909,410
683,1909,410
684,1,2318
685,1,2318
686,1,2318
687,1,2318
690,2,2317
691,2,2317
693,3,2316
694,3,2316
695,1899,420
696,4,2315
698,2,2317
699,1,2318
700,1,2318
701,1900,419
702,1900,419
703,1,2318
704,1,2318
705,1,2318
706,1,2318
709,2,2317
710,2,2317
712,3,2316
713,3,2316
714,1890,429
715,4,2315
717,2,2317
718,1,2318
719,1,2318
720,1891,428
721,1891,428
722,1,2318
723,1,2318
724,1,2318
725,1,2318
728,1886,433
729,2,2317
730,1884,435
732,3,2316
733,3,2316
734,3,2316
735,1878,441
737,3,2316
738,3,2316
739,3,2316
740,2,2317
741,2,2317
742,1873,446
743,29,2290
744,2,2317
746,3,2316
747,4,2315
748,1863,456
749,4,2315
751,2,2317
752,1,2318
753,1,2318
754,1864,455
755,1864,455
756,1,2318
757,1,2318
758,1,2318
759,1,2318
762,2,2317
763,2,2317
765,3,2316
766,3,2316
767,1854,465
768,4,2315
770,2,2317
771,1,2318
772,1,2318
773,1855,464
774,1855,464
775,1,2318
776,1,2318
777,1,2318
778,1,2318
781,2,2317
782,2,2317
784,3,2316
785,3,2316
786,1845,474
787,4,2315
789,2,2317
790,1,2318
791,1,2318
792,1846,473
793,1846,473
794,1,2318
795,1,2318
796,1,2318
797,1,2318
800,1841,478
801,2,2317
802,1839,480
804,3,2316
805,3,2316
806,3,2316
807,1833,486
809,3,2316
810,3,2316
811,3,2316
812,2,2317
813,2,2317
814,1828,491
815,29,2290
816,2,2317
818,3,2316
819,4,2315
820,1818,501
821,4,2315
823,2,2317
824,1,2318
825,1,2318
826,1819,500
827,1819,500
828,1,2318
829,1,2318
830,1,2318
831,1,2318
834,2,2317
835,2,2317
837,3,2316
838,3,2316
839,1809,510
840,4,2315
842,2,2317
843,1,2318
844,1,2318
845,1810,509
846,1810,509
847,1,2318
848,1,2318
849,1,2318
850,1,2318
853,2,2317
854,2,2317
856,3,2316
857,3,2316
858,1800,519
859,4,2315
861,2,2317
862,1,2318
863,1,2318
864,1801,518
865,1801,518
866,1,2318
867,1,2318
868,1,2318
869,1,2318
872,1796,523
873,2,2317
874,1794,525
876,3,2316
877,3,2316
878,3,2316
879,1788,531
881,3,2316
882,3,2316
883,3,2316
884,2,2317
885,2,2317
886,1783,536
887,29,2290
888,2,2317
890,3,2316
891,4,2315
892,1773,546
893,4,2315
895,2,2317
896,1,2318
897,1,2318
898,1774,545
899,1774,545
900,1,2318
901,1,2318
902,1,2318
903,1,2318
906,2,2317
907,2,2317
909,3,2316
910,3,2316
911,1764,555
912,4,2315
914,2,2317
915,1,2318
916,1,2318
917,1765,554
918,1765,554
919,1,2318
920,1,2318
921,1,2318
922,1,2318
925,2,2317
926,2,2317
928,3,2316
929,3,2316
930,1755,564
931,4,2315
933,2,2317
934,1,2318
935,1,2318
936,1756,563
937,1756,563
938,1,2318
939,1,2318
940,1,2318
941,1,2318
944,1751,568
945,2,2317
946,1749,570
948,3,2316
949,3,2316
950,3,2316
951,1743,576
953,3,2316
954,3,2316
955,3,2316
956,4,2315
957,2,2317
958,2,2317
960,3,2316
961,30,2289
962,2,2317
963,4,2315
965,2,2317
966,1,2318
967,1,2318
968,1733,586
969,1733,586
970,1,2318
971,1,2318
972,1,2318
973,1,2318
976,1731,588
977,7,2312
978,2,2317
980,3,2316
981,4,2315
982,1721,598
983,4,2315
985,2,2317
986,1,2318
987,1,2318
988,1722,597
989,1722,597
990,1,2318
991,1,2318
992,1,2318
993,1,2318
996,2,2317
997,2,2317
999,3,2316
1000,3,2316
1001,1712,607
1002,4,2315
1004,2,2317
1005,1,2318
1006,1,2318
1007,1713,606
1008,1713,606
1009,1,2318
1010,1,2318
1011,1,2318
1012,1,2318
1015,2,2317
1016,2,2317
1018,3,2316
1019,3,2316
1020,1703,616
1021,4,2315
1023,2,2317
1024,1,2318
1025,1,2318
1026,1704,615
1027,1704,615
1028,1,2318
1029,1,2318
1030,1,2318
1031,1,2318
1034,1699,620
1035,2,2317
1036,1697,622
1038,3,2316
1039,3,2316
1040,3,2316
1041,1691,628
1043,3,2316
1044,3,2316
1045,3,2316
1046,2,2317
1047,2,2317
1048,1686,633
1049,29,2290
1050,2,2317
1052,3,2316
1053,4,2315
1054,1676,643
1055,4,2315
1057,2,2317
1058,1,2318
1059,1,2318
1060,1677,642
1061,1677,642
1062,1,2318
1063,1,2318
1064,1,2318
1065,1,2318
1068,2,2317
1069,2,2317
1071,3,2316
1072,3,2316
1073,1667,652
1074,4,2315
1076,2,2317
1077,1,2318
1078,1,2318
1079,1668,651
1080,1668,651
1081,1,2318
1082,1,2318
1083,1,2318
1084,1,2318
1087,2,2317
1088,2,2317
1090,3,2316
1091,3,2316
1092,1658,661
1093,4,2315
1095,2,2317
1096,1,2318
1097,1,2318
1098,1659,660
1099,1659,660
1100,1,2318
1101,1,2318
1102,1,2318
1103,1,2318
1106,1654,665
1107,2,2317
1108,1652,667
1110,3,2316
1111,3,2316
1112,3,2316
1113,1646,673
1115,3,2316
1116,3,2316
1117,3,2316
1118,2,2317
1119,2,2317
1120,1641,678
1121,29,2290
1122,2,2317
1124,3,2316
1125,4,2315
1126,1631,688
1127,4,2315
1129,2,2317
1130,1,2318
1131,1,2318
1132,1632,687
1133,1632,687
1134,1,2318
1135,1,2318
1136,1,2318
1137,1,2318
1140,2,2317
1141,2,2317
1143,3,2316
1144,3,2316
1145,1622,697
1146,4,2315
1148,2,2317
1149,1,2318
1150,1,2318
1151,1623,696
1152,1623,696
1153,1,2318
1154,1,2318
1155,1,2318
1156,1,2318
1159,2,2317
1160,2,2317
1162,3,2316
1163,3,2316
1164,1613,706
1165,4,2315
1167,2,2317
1168,1,2318
1169,1,2318
1170,1614,705
1171,1614,705
1172,1,2318
1173,1,2318
1174,1,2318
1175,1,2318
1178,1609,710
1179,2,2317
1180,1607,712
1182,3,2316
1183,3,2316
1184,3,2316
1185,1601,718
1187,3,2316
1188,3,2316
1189,3,2316
1190,2,2317
1191,2,2317
1192,1596,723
1193,29,2290
1194,2,2317
1196,3,2316
1197,4,2315
1198,1586,733
1199,4,2315
1201,2,2317
1202,1,2318
1203,1,2318
1204,1587,732
1205,1587,732
1206,1,2318
1207,1,2318
1208,1,2318
1209,1,2318
1212,2,2317
1213,2,2317
1215,3,2316
1216,3,2316
1217,1577,742
1218,4,2315
1220,2,2317
1221,1,2318
1222,1,2318
1223,1578,741
1224,1578,741
1225,1,2318
1226,1,2318
1227,1,2318
1228,1,2318
1231,2,2317
1232,2,2317
1234,3,2316
1235,3,2316
1236,1568,751
1237,4,2315
1239,2,2317
1240,1,2318
1241,1,2318
1242,1569,750
1243,1569,750
1244,1,2318
1245,1,2318
1246,1,2318
1247,1,2318
1250,1564,755
1251,2,2317
1252,1562,757
1254,3,2316
1255,3,2316
1256,3,2316
1257,1556,763
1259,3,2316
1260,3,2316
1261,3,2316
1262,2,2317
1263,2,2317
1264,1551,768
1265,29,2290
1266,2,2317
1268,3,2316
1269,4,2315
1270,1541,778
1271,4,2315
1273,2,2317
1274,1,2318
1275,1,2318
1276,1542,777
1277,1542,777
1278,1,2318
1279,1,2318
1280,1,2318
1281,1,2318
1284,2,2317
1285,2,2317
1287,3,2316
1288,3,2316
1289,1532,787
1290,4,2315
1292,2,2317
1293,1,2318
1294,1,2318
1295,1533,786
1296,1533,786
1297,1,2318
1298,1,2318
1299,1,2318
1300,1,2318
1303,2,2317
1304,2,2317
1306,3,2316
1307,3,2316
1308,1523,796
1309,4,2315
1311,2,2317
1312,1,2318
1313,1,2318
1314,1524,795
1315,1524,795
1316,1,2318
1317,1,2318
1318,1,2318
1319,1,2318
1322,1519,800
1323,2,2317
1324,1517,802
1326,3,2316
1327,3,2316
1328,3,2316
1329,1511,808
1331,3,2316
1332,3,2316
1333,3,2316
1334,2,2317
1335,2,2317
1336,1506,813
1337,29,2290
1338,2,2317
1340,3,2316
1341,4,2315
1342,1496,823
1343,4,2315
1345,2,2317
1346,1,2318
1347,1,2318
1348,1497,822
1349,1497,822
1350,1,2318
1351,1,2318
1352,1,2318
1353,1,2318
1356,2,2317
1357,2,2317
1359,3,2316
1360,3,2316
1361,1487,832
1362,4,2315
1364,2,2317
1365,1,2318
1366,1,2318
1367,1488,831
1368,1488,831
1369,1,2318
1370,1,2318
1371,1,2318
1372,1,2318
1375,2,2317
1376,2,2317
1378,3,2316
1379,3,2316
1380,1478,841
1381,4,2315
1383,2,2317
1384,1,2318
1385,1,2318
1386,1479,840
1387,1479,840
1388,1,2318
1389,1,2318
1390,1,2318
1391,1,2318
1394,1474,845
1395,2,2317
1396,1472,847
1398,3,2316
1399,3,2316
1400,3,2316
1401,1466,853
1403,3,2316
1404,3,2316
1405,3,2316
1406,2,2317
1407,2,2317
1408,1461,858
1409,29,2290
1410,2,2317
1412,3,2316
1413,4,2315
1414,1451,868
1415,4,2315
1417,2,2317
1418,1,2318
1419,1,2318
1420,1452,867
1421,1452,867
1422,1,2318
1423,1,2318
1424,1,2318
1425,1,2318
1428,2,2317
1429,2,2317
1431,3,2316
1432,3,2316
1433,1442,877
1434,4,2315
1436,2,2317
1437,1,2318
1438,1,2318
1439,1443,876
1440,1443,876
1441,1,2318
1442,1,2318
1443,1,2318
1444,1,2318
1447,2,2317
1448,2,2317
1450,3,2316
1451,3,2316
1452,1433,886
1453,4,2315
1455,2,2317
1456,1,2318
1457,1,2318
1458,1434,885
1459,1434,885
1460,1,2318
1461,1,2318
1462,1,2318
1463,1,2318
1466,1429,890
1467,2,2317
1468,1427,892
1470,3,2316
1471,3,2316
1472,3,2316
1473,1421,898
1475,3,2316
1476,3,2316
1477,3,2316
1478,2,2317
1479,2,2317
1480,1416,903
1481,29,2290
1482,2,2317
1484,3,2316
1485,4,2315
1486,1406,913
1487,4,2315
1489,2,2317
1490,1,2318
1491,1,2318
1492,1407,912
1493,1407,912
1494,1,2318
1495,1,2318
1496,1,2318
1497,1,2318
1500,2,2317
1501,2,2317
1503,3,2316
1504,3,2316
1505,1397,922
1506,4,2315
1508,2,2317
1509,1,2318
1510,1,2318
1511,1398,921
1512,1398,921
1513,1,2318
1514,1,2318
1515,1,2318
1516,1,2318
1519,2,2317
1520,2,2317
1522,3,2316
1523,3,2316
1524,1388,931
1525,4,2315
1527,2,2317
1528,1,2318
1529,1,2318
1530,1389,930
1531,1389,930
1532,1,2318
1533,1,2318
1534,1,2318
1535,1,2318
1538,1384,935
1539,2,2317
1540,1382,937
1542,3,2316
1543,3,2316
1544,3,2316
1545,1376,943
1547,3,2316
1548,3,2316
1549,3,2316
1550,2,2317
1551,2,2317
1552,1371,948
1553,29,2290
1554,2,2317
1556,3,2316
1557,4,2315
1558,1361,958
1559,4,2315
1561,2,2317
1562,1,2318
1563,1,2318
1564,1362,957
1565,1362,957
1566,1,2318
1567,1,2318
1568,1,2318
1569,1,2318
1572,2,2317
1573,2,2317
1575,3,2316
1576,3,2316
1577,1352,967
1578,4,2315
1580,2,2317
1581,1,2318
1582,1,2318
1583,1353,966
1584,1353,966
1585,1,2318
1586,1,2318
1587,1,2318
1588,1,2318
1591,2,2317
1592,2,2317
1594,3,2316
1595,3,2316
1596,1343,976
1597,4,2315
1599,2,2317
1600,1,2318
1601,1,2318
1602,1344,975
1603,1344,975
1604,1,2318
1605,1,2318
1606,1,2318
1607,1,2318
1610,1339,980
1611,2,2317
1612,1337,982
1614,3,2316
1615,3,2316
1616,3,2316
1617,1331,988
1619,3,2316
1620,3,2316
1621,3,2316
1622,2,2317
1623,2,2317
1624,1326,993
1625,29,2290
1626,2,2317
1628,3,2316
1629,4,2315
1630,1316,1003
1631,4,2315
1633,2,2317
1634,1,2318
1635,1,2318
1636,1317,1002
1637,1317,1002
1638,1,2318
1639,1,2318
1640,1,2318
1641,1,2318
1644,2,2317
1645,2,2317
1647,3,2316
1648,3,2316
1649,1307,1012
1650,4,2315
1652,2,2317
1653,1,2318
1654,1,2318
1655,1308,1011
1656,1308,1011
1657,1,2318
1658,1,2318
1659,1,2318
1660,1,2318
1663,2,2317
1664,2,2317
1666,3,2316
1667,3,2316
1668,1298,1021
1669,4,2315
1671,2,2317
1672,1,2318
1673,1,2318
1674,1299,1020
1675,1299,1020
1676,1,2318
1677,1,2318
1678,1,2318
1679,1,2318
1682,1294,1025
1683,2,2317
1684,1292,1027
1686,3,2316
1687,3,2316
1688,3,2316
1689,1286,1033
1691,3,2316
1692,3,2316
1693,3,2316
1694,2,2317
1695,2,2317
1696,1281,1038
1697,29,2290
1698,2,2317
1700,3,2316
1701,4,2315
1702,1271,1048
1703,4,2315
1705,2,2317
1706,1,2318
1707,1,2318
1708,1272,1047
1709,1272,1047
1710,1,2318
1711,1,2318
1712,1,2318
1713,1,2318
1716,2,2317
1717,2,2317
1719,3,2316
1720,3,2316
1721,1262,1057
1722,4,2315
1724,2,2317
1725,1,2318
1726,1,2318
1727,1263,1056
1728,1263,1056
1729,1,2318
1730,1,2318
1731,1,2318
1732,1,2318
1735,2,2317
1736,2,2317
1738,3,2316
1739,3,2316
1740,1253,1066
1741,4,2315
1743,2,2317
1744,1,2318
1745,1,2318
1746,1254,1065
1747,1254,1065
1748,1,2318
1749,1,2318
1750,1,2318
1751,1,2318
1754,1249,1070
1755,2,2317
1756,1247,1072
1758,3,2316
1759,3,2316
1760,3,2316
1761,1241,1078
1763,3,2316
1764,3,2316
1765,3,2316
1766,2,2317
1767,2,2317
1768,1236,1083
1769,29,2290
1770,2,2317
1772,3,2316
1773,4,2315
1774,1226,1093
1775,4,2315
1777,2,2317
1778,1,2318
1779,1,2318
1780,1227,1092
1781,1227,1092
1782,1,2318
1783,1,2318
1784,1,2318
1785,1,2318
1788,2,2317
1789,2,2317
1791,3,2316
1792,3,2316
1793,1217,1102
1794,4,2315
1796,2,2317
1797,1,2318
1798,1,2318
1799,1218,1101
1800,1218,1101
1801,1,2318
1802,1,2318
1803,1,2318
1804,1,2318
1807,2,2317
1808,2,2317
1810,3,2316
1811,3,2316
1812,1208,1111
1813,4,2315
1815,2,2317
1816,1,2318
1817,1,2318
1818,1209,1110
1819,1209,1110
1820,1,2318
1821,1,2318
1822,1,2318
1823,1,2318
1826,1204,1115
1827,2,2317
1828,1202,1117
1830,3,2316
1831,3,2316
1832,3,2316
1833,1196,1123
1835,3,2316
1836,3,2316
1837,3,2316
1838,2,2317
1839,2,2317
1840,1191,1128
1841,29,2290
1842,2,2317
1844,3,2316
1845,4,2315
1846,1181,1138
1847,4,2315
1849,2,2317
1850,1,2318
1851,1,2318
1852,1182,1137
1853,1182,1137
1854,1,2318
1855,1,2318
1856,1,2318
1857,1,2318
1860,2,2317
1861,2,2317
1863,3,2316
1864,3,2316
1865,1172,1147
1866,4,2315
1868,2,2317
1869,1,2318
1870,1,2318
1871,1173,1146
1872,1173,1146
1873,1,2318
1874,1,2318
1875,1,2318
1876,1,2318
1879,2,2317
1880,2,2317
1882,3,2316
1883,3,2316
1884,1163,1156
1885,4,2315
1887,2,2317
1888,1,2318
1889,1,2318
1890,1164,1155
1891,1164,1155
1892,1,2318
1893,1,2318
1894,1,2318
1895,1,2318
1898,1159,1160
1899,2,2317
1900,1157,1162
1902,3,2316
1903,3,2316
1904,3,2316
1905,1151,1168
1907,3,2316
1908,3,2316
1909,3,2316
1910,2,2317
1911,2,2317
1912,1146,1173
1913,29,2290
1914,2,2317
1916,3,2316
1917,4,2315
1918,1136,1183
1919,4,2315
1921,2,2317
1922,1,2318
1923,1,2318
1924,1137,1182
1925,1137,1182
1926,1,2318
1927,1,2318
1928,1,2318
1929,1,2318
1932,2,2317
1933,2,2317
1935,3,2316
1936,3,2316
1937,1127,1192
1938,4,2315
1940,2,2317
1941,1,2318
1942,1,2318
1943,1128,1191
1944,1128,1191
1945,1,2318
1946,1,2318
1947,1,2318
1948,1,2318
1951,2,2317
1952,2,2317
1954,3,2316
1955,3,2316
1956,1118,1201
1957,4,2315
1959,2,2317
1960,1,2318
1961,1,2318
1962,1119,1200
1963,1119,1200
1964,1,2318
1965,1,2318
1966,1,2318
1967,1,2318
1970,1114,1205
1971,2,2317
1972,1112,1207
1974,3,2316
1975,3,2316
1976,3,2316
1977,1106,1213
1979,3,2316
1980,3,2316
1981,3,2316
1982,2,2317
1983,2,2317
1984,1101,1218
1985,29,2290
1986,2,2317
1988,3,2316
1989,4,2315
1990,1091,1228
1991,4,2315
1993,2,2317
1994,1,2318
1995,1,2318
1996,1092,1227
1997,1092,1227
1998,1,2318
1999,1,2318
2000,1,2318
2001,1,2318
2004,2,2317
2005,2,2317
2007,3,2316
2008,3,2316
2009,1082,1237
2010,4,2315
2012,2,2317
2013,1,2318
2014,1,2318
2015,1083,1236
2016,1083,1236
2017,1,2318
2018,1,2318
2019,1,2318
2020,1,2318
2023,2,2317
2024,2,2317
2026,3,2316
2027,3,2316
2028,1073,1246
2029,4,2315
2031,2,2317
2032,1,2318
2033,1,2318
2034,1074,1245
2035,1074,1245
2036,1,2318
2037,1,2318
2038,1,2318
2039,1,2318
2042,1069,1250
2043,2,2317
2044,1067,1252
2046,3,2316
2047,3,2316
2048,3,2316
2049,1061,1258
2051,3,2316
2052,3,2316
2053,3,2316
2054,2,2317
2055,2,2317
2056,1056,1263
2057,29,2290
2058,2,2317
2060,3,2316
2061,4,2315
2062,1046,1273
2063,4,2315
2065,2,2317
2066,1,2318
2067,1,2318
2068,1047,1272
2069,1047,1272
2070,1,2318
2071,1,2318
2072,1,2318
2073,1,2318
2076,2,2317
2077,2,2317
2079,3,2316
2080,3,2316
2081,1037,1282
2082,4,2315
2084,2,2317
2085,1,2318
2086,1,2318
2087,1038,1281
2088,1038,1281
2089,1,2318
2090,1,2318
2091,1,2318
2092,1,2318
2095,2,2317
2096,2,2317
2098,3,2316
2099,3,2316
2100,1028,1291
2101,4,2315
2103,2,2317
2104,1,2318
2105,1,2318
2106,1029,1290
2107,1029,1290
2108,1,2318
2109,1,2318
2110,1,2318
2111,1,2318
2114,1024,1295
2115,2,2317
2116,1022,1297
2118,3,2316
2119,3,2316
2120,3,2316
2121,1016,1303
2123,3,2316
2124,3,2316
2125,3,2316
2126,2,2317
2127,2,2317
2128,1011,1308
2129,29,2290
2130,2,2317
2132,3,2316
2133,4,2315
2134,1001,1318
2135,4,2315
2137,2,2317
2138,1,2318
2139,1,2318
2140,1002,1317
2141,1002,1317
2142,1,2318
2143,1,2318
2144,1,2318
2145,1,2318
2148,2,2317
2149,2,2317
2151,3,2316
2152,3,2316
2153,992,1327
2154,4,2315
2156,2,2317
2157,1,2318
2158,1,2318
2159,993,1326
2160,993,1326
2161,1,2318
2162,1,2318
2163,1,2318
2164,1,2318
2167,2,2317
2168,2,2317
2170,3,2316
2171,3,2316
2172,983,1336
2173,4,2315
2175,2,2317
2176,1,2318
2177,1,2318
2178,984,1335
2179,984,1335
2180,1,2318
2181,1,2318
2182,1,2318
2183,1,2318
2186,979,1340
2187,2,2317
2188,977,1342
2190,3,2316
2191,3,2316
2192,3,2316
2193,971,1348
2195,3,2316
2196,3,2316
2197,3,2316
2198,2,2317
2199,2,2317
2200,966,1353
2201,29,2290
2202,2,2317
2204,3,2316
2205,4,2315
2206,956,1363
2207,4,2315
2209,2,2317
2210,1,2318
2211,1,2318
2212,957,1362
2213,957,1362
2214,1,2318
2215,1,2318
2216,1,2318
2217,1,2318
2220,2,2317
2221,2,2317
2223,3,2316
2224,3,2316
2225,947,1372
2226,4,2315
2228,2,2317
2229,1,2318
2230,1,2318
2231,948,1371
2232,948,1371
2233,1,2318
2234,1,2318
2235,1,2318
2236,1,2318
2239,2,2317
2240,2,2317
2242,3,2316
2243,3,2316
2244,938,1381
2245,4,2315
2247,2,2317
2248,1,2318
2249,1,2318
2250,939,1380
2251,939,1380
2252,1,2318
2253,1,2318
2254,1,2318
2255,1,2318
2258,934,1385
2259,2,2317
2260,932,1387
2262,3,2316
2263,3,2316
2264,3,2316
2265,926,1393
2267,3,2316
2268,3,2316
2269,3,2316
2270,2,2317
2271,2,2317
2272,921,1398
2273,29,2290
2274,2,2317
2276,3,2316
2277,4,2315
2278,911,1408
2279,4,2315
2281,2,2317
2282,1,2318
2283,1,2318
2284,912,1407
2285,912,1407
2286,1,2318
2287,1,2318
2288,1,2318
2289,1,2318
2292,2,2317
2293,2,2317
2295,3,2316
2296,3,2316
2297,902,1417
2298,4,2315
2300,2,2317
2301,1,2318
2302,1,2318
2303,903,1416
2304,903,1416
2305,1,2318
2306,1,2318
2307,1,2318
2308,1,2318
2311,2,2317
2312,2,2317
2314,3,2316
2315,3,2316
2316,893,1426
2317,4,2315
2319,2,2317
2320,1,2318
2321,1,2318
2322,894,1425
2323,894,1425
2324,1,2318
2325,1,2318
2326,1,2318
2327,1,2318
2330,889,1430
2331,2,2317
2332,887,1432
2334,3,2316
2335,3,2316
2336,3,2316
2337,881,1438
2339,3,2316
2340,3,2316
2341,3,2316
2342,2,2317
2343,2,2317
2344,876,1443
2345,29,2290
2346,2,2317
2348,3,2316
2349,4,2315
2350,866,1453
2351,4,2315
2353,2,2317
2354,1,2318
2355,1,2318
2356,867,1452
2357,867,1452
2358,1,2318
2359,1,2318
2360,1,2318
2361,1,2318
2364,2,2317
2365,2,2317
2367,3,2316
2368,3,2316
2369,857,1462
2370,4,2315
2372,2,2317
2373,1,2318
2374,1,2318
2375,858,1461
2376,858,1461
2377,1,2318
2378,1,2318
2379,1,2318
2380,1,2318
2383,2,2317
2384,2,2317
2386,3,2316
2387,3,2316
2388,848,1471
2389,4,2315
2391,2,2317
2392,1,2318
2393,1,2318
2394,849,1470
2395,849,1470
2396,1,2318
2397,1,2318
2398,1,2318
2399,1,2318
2402,844,1475
2403,2,2317
2404,842,1477
2406,3,2316
2407,3,2316
2408,3,2316
2409,836,1483
2411,3,2316
2412,3,2316
2413,3,2316
2414,2,2317
2415,2,2317
2416,831,1488
2417,29,2290
2418,2,2317
2420,3,2316
2421,4,2315
2422,821,1498
2423,4,2315
2425,2,2317
2426,1,2318
2427,1,2318
2428,822,1497
2429,822,1497
2430,1,2318
2431,1,2318
2432,1,2318
2433,1,2318
2436,2,2317
2437,2,2317
2439,3,2316
2440,3,2316
2441,812,1507
2442,4,2315
2444,2,2317
2445,1,2318
2446,1,2318
2447,813,1506
2448,813,1506
2449,1,2318
2450,1,2318
2451,1,2318
2452,1,2318
2455,2,2317
2456,2,2317
2458,3,2316
2459,3,2316
2460,803,1516
2461,4,2315
2463,2,2317
2464,1,2318
2465,1,2318
2466,804,1515
2467,804,1515
2468,1,2318
2469,1,2318
2470,1,2318
2471,1,2318
2474,799,1520
2475,2,2317
2476,797,1522
2478,3,2316
2479,3,2316
2480,3,2316
2481,791,1528
2483,3,2316
2484,3,2316
2485,3,2316
2486,2,2317
2487,2,2317
2488,786,1533
2489,29,2290
2490,2,2317
2492,3,2316
2493,4,2315
2494,776,1543
2495,4,2315
2497,2,2317
2498,1,2318
2499,1,2318
2500,777,1542
2501,777,1542
2502,1,2318
2503,1,2318
2504,1,2318
2505,1,2318
2508,2,2317
2509,2,2317
2511,3,2316
2512,3,2316
2513,767,1552
2514,4,2315
2516,2,2317
2517,1,2318
2518,1,2318
2519,768,1551
2520,768,1551
2521,1,2318
2522,1,2318
2523,1,2318
2524,1,2318
2527,2,2317
2528,2,2317
2530,3,2316
2531,3,2316
2532,758,1561
2533,4,2315
2535,2,2317
2536,1,2318
2537,1,2318
2538,759,1560
2539,759,1560
2540,1,2318
2541,1,2318
2542,1,2318
2543,1,2318
2546,754,1565
2547,2,2317
2548,752,1567
2550,3,2316
2551,3,2316
2552,3,2316
2553,746,1573
2555,3,2316
2556,3,2316
2557,3,2316
2558,2,2317
2559,2,2317
2560,741,1578
2561,29,2290
2562,2,2317
2564,3,2316
2565,4,2315
2566,731,1588
2567,4,2315
2569,2,2317
2570,1,2318
2571,1,2318
2572,732,1587
2573,732,1587
2574,1,2318
2575,1,2318
2576,1,2318
2577,1,2318
2580,2,2317
2581,2,2317
2583,3,2316
2584,3,2316
2585,722,1597
2586,4,2315
2588,2,2317
2589,1,2318
2590,1,2318
2591,723,1596
2592,723,1596
2593,1,2318
2594,1,2318
2595,1,2318
2596,1,2318
2599,2,2317
2600,2,2317
2602,3,2316
2603,3,2316
2604,713,1606
2605,4,2315
2607,2,2317
2608,1,2318
2609,1,2318
2610,714,1605
2611,714,1605
2612,1,2318
2613,1,2318
2614,1,2318
2615,1,2318
2618,709,1610
2619,2,2317
2620,707,1612
2622,3,2316
2623,3,2316
2624,3,2316
2625,701,1618
2627,3,2316
2628,3,2316
2629,3,2316
2630,2,2317
2631,2,2317
2632,696,1623
2633,29,2290
2634,2,2317
2636,3,2316
2637,4,2315
2638,686,1633
2639,4,2315
2641,2,2317
2642,1,2318
2643,1,2318
2644,687,1632
2645,687,1632
2646,1,2318
2647,1,2318
2648,1,2318
2649,1,2318
2652,2,2317
2653,2,2317
2655,3,2316
2656,3,2316
2657,677,1642
2658,4,2315
2660,2,2317
2661,1,2318
2662,1,2318
2663,678,1641
2664,678,1641
2665,1,2318
2666,1,2318
2667,1,2318
2668,1,2318
2671,2,2317
2672,2,2317
2674,3,2316
2675,3,2316
2676,668,1651
2677,4,2315
2679,2,2317
2680,1,2318
2681,1,2318
2682,669,1650
2683,669,1650
2684,1,2318
2685,1,2318
2686,1,2318
2687,1,2318
2690,664,1655
2691,2,2317
2692,662,1657
2694,3,2316
2695,3,2316
2696,3,2316
2697,656,1663
2699,3,2316
2700,3,2316
2701,3,2316
2702,2,2317
2703,2,2317
2704,651,1668
2705,29,2290
2706,2,2317
2708,3,2316
2709,4,2315
2710,641,1678
2711,4,2315
2713,2,2317
2714,1,2318
2715,1,2318
2716,642,1677
2717,642,1677
2718,1,2318
2719,1,2318
2720,1,2318
2721,1,2318
2724,2,2317
2725,2,2317
2727,3,2316
2728,3,2316
2729,632,1687
2730,4,2315
2732,2,2317
2733,1,2318
2734,1,2318
2735,633,1686
2736,633,1686
2737,1,2318
2738,1,2318
2739,1,2318
2740,1,2318
2743,2,2317
2744,2,2317
2746,3,2316
2747,3,2316
2748,623,1696
2749,4,2315
2751,2,2317
2752,1,2318
2753,1,2318
2754,624,1695
2755,624,1695
2756,1,2318
2757,1,2318
2758,1,2318
2759,1,2318
2762,619,1700
2763,2,2317
2764,617,1702
2766,3,2316
2767,3,2316
2768,3,2316
2769,611,1708
2771,3,2316
2772,3,2316
2773,3,2316
2774,2,2317
2775,2,2317
2776,606,1713
2777,29,2290
2778,2,2317
2780,3,2316
2781,4,2315
2782,596,1723
2783,4,2315
2785,2,2317
2786,1,2318
2787,1,2318
2788,597,1722
2789,597,1722
2790,1,2318
2791,1,2318
2792,1,2318
2793,1,2318
2796,2,2317
2797,2,2317
2799,3,2316
2800,3,2316
2801,587,1732
2802,4,2315
2804,2,2317
2805,1,2318
2806,1,2318
2807,588,1731
2808,588,1731
2809,1,2318
2810,1,2318
2811,1,2318
2812,1,2318
2815,2,2317
2816,2,2317
2818,3,2316
2819,3,2316
2820,578,1741
2821,4,2315
2823,2,2317
2824,1,2318
2825,1,2318
2826,579,1740
2827,579,1740
2828,1,2318
2829,1,2318
2830,1,2318
2831,1,2318
2834,574,1745
2835,2,2317
2836,572,1747
2838,3,2316
2839,3,2316
2840,3,2316
2841,566,1753
2843,3,2316
2844,3,2316
2845,3,2316
2846,2,2317
2847,2,2317
2848,561,1758
2849,29,2290
2850,2,2317
2852,3,2316
2853,4,2315
2854,551,1768
2855,4,2315
2857,2,2317
2858,1,2318
2859,1,2318
2860,552,1767
2861,552,1767
2862,1,2318
2863,1,2318
2864,1,2318
2865,1,2318
2868,2,2317
2869,2,2317
2871,3,2316
2872,3,2316
2873,542,1777
2874,4,2315
2876,2,2317
2877,1,2318
2878,1,2318
2879,543,1776
2880,543,1776
2881,1,2318
2882,1,2318
2883,1,2318
2884,1,2318
2887,2,2317
2888,2,2317
2890,3,2316
2891,3,2316
2892,533,1786
2893,4,2315
2895,2,2317
2896,1,2318
2897,1,2318
2898,534,1785
2899,534,1785
2900,1,2318
2901,1,2318
2902,1,2318
2903,1,2318
2906,529,1790
2907,2,2317
2908,527,1792
2910,3,2316
2911,3,2316
2912,3,2316
2913,521,1798
2915,3,2316
2916,3,2316
2917,3,2316
2918,2,2317
2919,2,2317
2920,516,1803
2921,29,2290
2922,2,2317
2924,3,2316
2925,4,2315
2926,506,1813
2927,4,2315
2929,2,2317
2930,1,2318
2931,1,2318
2932,507,1812
2933,507,1812
2934,1,2318
2935,1,2318
2936,1,2318
2937,1,2318
2940,2,2317
2941,2,2317
2943,3,2316
2944,3,2316
2945,497,1822
2946,4,2315
2948,2,2317
2949,1,2318
2950,1,2318
2951,498,1821
2952,498,1821
2953,1,2318
2954,1,2318
2955,1,2318
2956,1,2318
2959,2,2317
2960,2,2317
2962,3,2316
2963,3,2316
2964,488,1831
2965,4,2315
2967,2,2317
2968,1,2318
2969,1,2318
2970,489,1830
2971,489,1830
2972,1,2318
2973,1,2318
2974,1,2318
2975,1,2318
2978,484,1835
2979,2,2317
2980,482,1837
2982,3,2316
2983,3,2316
2984,3,2316
2985,476,1843
2987,3,2316
2988,3,2316
2989,3,2316
2990,2,2317
2991,2,2317
2992,471,1848
2993,29,2290
2994,2,2317
2996,3,2316
2997,4,2315
2998,461,1858
2999,4,2315
3001,2,2317
3002,1,2318
3003,1,2318
3004,462,1857
3005,462,1857
3006,1,2318
3007,1,2318
3008,1,2318
3009,1,2318
3012,2,2317
3013,2,2317
3015,3,2316
3016,3,2316
3017,452,1867
3018,4,2315
3020,2,2317
3021,1,2318
3022,1,2318
3023,453,1866
3024,453,1866
3025,1,2318
3026,1,2318
3027,1,2318
3028,1,2318
3031,2,2317
3032,2,2317
3034,3,2316
3035,3,2316
3036,443,1876
3037,4,2315
3039,2,2317
3040,1,2318
3041,1,2318
3042,444,1875
3043,444,1875
3044,1,2318
3045,1,2318
3046,1,2318
3047,1,2318
3050,439,1880
3051,2,2317
3052,437,1882
3054,3,2316
3055,3,2316
3056,3,2316
3057,431,1888
3059,3,2316
3060,3,2316
3061,3,2316
3062,2,2317
3063,2,2317
3064,426,1893
3065,29,2290
3066,2,2317
3068,3,2316
3069,4,2315
3070,416,1903
3071,4,2315
3073,2,2317
3074,1,2318
3075,1,2318
3076,417,1902
3077,417,1902
3078,1,2318
3079,1,2318
3080,1,2318
3081,1,2318
3084,2,2317
3085,2,2317
3087,3,2316
3088,3,2316
3089,407,1912
3090,4,2315
3092,2,2317
3093,1,2318
3094,1,2318
3095,408,1911
3096,408,1911
3097,1,2318
3098,1,2318
3099,1,2318
3100,1,2318
3103,2,2317
3104,2,2317
3106,3,2316
3107,3,2316
3108,398,1921
3109,4,2315
3111,2,2317
3112,1,2318
3113,1,2318
3114,399,1920
3115,399,1920
3116,1,2318
3117,1,2318
3118,1,2318
3119,1,2318
3122,394,1925
3123,2,2317
3124,392,1927
3126,3,2316
3127,3,2316
3128,3,2316
3129,386,1933
3131,3,2316
3132,3,2316
3133,3,2316
3134,2,2317
3135,2,2317
3136,381,1938
3137,29,2290
3138,2,2317
3140,3,2316
3141,4,2315
3142,371,1948
3143,4,2315
3145,2,2317
3146,1,2318
3147,1,2318
3148,372,1947
3149,372,1947
3150,1,2318
3151,1,2318
3152,1,2318
3153,1,2318
3156,2,2317
3157,2,2317
3159,3,2316
3160,3,2316
3161,362,1957
3162,4,2315
3164,2,2317
3165,1,2318
3166,1,2318
3167,363,1956
3168,363,1956
3169,1,2318
3170,1,2318
3171,1,2318
3172,1,2318
3175,2,2317
3176,2,2317
3178,3,2316
3179,3,2316
3180,353,1966
3181,4,2315
3183,2,2317
3184,1,2318
3185,1,2318
3186,354,1965
3187,354,1965
3188,1,2318
3189,1,2318
3190,1,2318
3191,1,2318
3194,349,1970
3195,2,2317
3196,347,1972
3198,3,2316
3199,3,2316
3200,3,2316
3201,341,1978
3203,3,2316
3204,3,2316
3205,3,2316
3206,2,2317
3207,2,2317
3208,336,1983
3209,29,2290
3210,2,2317
3212,3,2316
3213,4,2315
3214,326,1993
3215,4,2315
3217,2,2317
3218,1,2318
3219,1,2318
3220,327,1992
3221,327,1992
3222,1,2318
3223,1,2318
3224,1,2318
3225,1,2318
3228,2,2317
3229,2,2317
3231,3,2316
3232,3,2316
3233,317,2002
3234,4,2315
3236,2,2317
3237,1,2318
3238,1,2318
3239,318,2001
3240,318,2001
3241,1,2318
3242,1,2318
3243,1,2318
3244,1,2318
3247,2,2317
3248,2,2317
3250,3,2316
3251,3,2316
3252,308,2011
3253,4,2315
3255,2,2317
3256,1,2318
3257,1,2318
3258,309,2010
3259,309,2010
3260,1,2318
3261,1,2318
3262,1,2318
3263,1,2318
3266,304,2015
3267,2,2317
3268,302,2017
3270,3,2316
3271,3,2316
3272,3,2316
3273,296,2023
3275,3,2316
3276,3,2316
3277,3,2316
3278,2,2317
3279,2,2317
3280,291,2028
3281,29,2290
3282,2,2317
3284,3,2316
3285,4,2315
3286,281,2038
3287,4,2315
3289,2,2317
3290,1,2318
3291,1,2318
3292,282,2037
3293,282,2037
3294,1,2318
3295,1,2318
3296,1,2318
3297,1,2318
3300,2,2317
3301,2,2317
3303,3,2316
3304,3,2316
3305,272,2047
3306,4,2315
3308,2,2317
3309,1,2318
3310,1,2318
3311,273,2046
3312,273,2046
3313,1,2318
3314,1,2318
3315,1,2318
3316,1,2318
3319,2,2317
3320,2,2317
3322,3,2316
3323,3,2316
3324,263,2056
3325,4,2315
3327,2,2317
3328,1,2318
3329,1,2318
3330,264,2055
3331,264,2055
3332,1,2318
3333,1,2318
3334,1,2318
3335,1,2318
3338,259,2060
3339,2,2317
3340,257,2062
3342,3,2316
3343,3,2316
3344,3,2316
3345,251,2068
3347,3,2316
3348,3,2316
3349,3,2316
3350,2,2317
3351,2,2317
3352,246,2073
3353,29,2290
3354,2,2317
3356,3,2316
3357,4,2315
3358,236,2083
3359,4,2315
3361,2,2317
3362,1,2318
3363,1,2318
3364,237,2082
3365,237,2082
3366,1,2318
3367,1,2318
3368,1,2318
3369,1,2318
3372,2,2317
3373,2,2317
3375,3,2316
3376,3,2316
3377,227,2092
3378,4,2315
3380,2,2317
3381,1,2318
3382,1,2318
3383,228,2091
3384,228,2091
3385,1,2318
3386,1,2318
3387,1,2318
3388,1,2318
3391,2,2317
3392,2,2317
3394,3,2316
3395,3,2316
3396,218,2101
3397,4,2315
3399,2,2317
3400,1,2318
3401,1,2318
3402,219,2100
3403,219,2100
3404,1,2318
3405,1,2318
3406,1,2318
3407,1,2318
3410,214,2105
3411,2,2317
3412,212,2107
3414,3,2316
3415,3,2316
3416,3,2316
3417,206,2113
3419,3,2316
3420,3,2316
3421,3,2316
3422,2,2317
3423,2,2317
3424,201,2118
3425,29,2290
3426,2,2317
3428,3,2316
3429,4,2315
3430,191,2128
3431,4,2315
3433,2,2317
3434,1,2318
3435,1,2318
3436,192,2127
3437,192,2127
3438,1,2318
3439,1,2318
3440,1,2318
3441,1,2318
3444,2,2317
3445,2,2317
3447,3,2316
3448,3,2316
3449,182,2137
3450,4,2315
3452,2,2317
3453,1,2318
3454,1,2318
3455,183,2136
3456,183,2136
3457,1,2318
3458,1,2318
3459,1,2318
3460,1,2318
3463,2,2317
3464,2,2317
3466,3,2316
3467,3,2316
3468,173,2146
3469,4,2315
3471,2,2317
3472,1,2318
3473,1,2318
3474,174,2145
3475,174,2145
3476,1,2318
3477,1,2318
3478,1,2318
3479,1,2318
3482,169,2150
3483,2,2317
3484,167,2152
3486,3,2316
3487,3,2316
3488,3,2316
3489,161,2158
3491,3,2316
3492,3,2316
3493,3,2316
3494,2,2317
3495,2,2317
3496,156,2163
3497,29,2290
3498,2,2317
3500,3,2316
3501,4,2315
3502,146,2173
3503,4,2315
3505,2,2317
3506,1,2318
3507,1,2318
3508,147,2172
3509,147,2172
3510,1,2318
3511,1,2318
3512,1,2318
3513,1,2318
3516,2,2317
3517,2,2317
3519,3,2316
3520,3,2316
3521,137,2182
3522,4,2315
3524,2,2317
3525,1,2318
3526,1,2318
3527,138,2181
3528,138,2181
3529,1,2318
3530,1,2318
3531,1,2318
3532,1,2318
3535,2,2317
3536,2,2317
3538,3,2316
3539,3,2316
3540,128,2191
3541,4,2315
3543,2,2317
3544,1,2318
3545,1,2318
3546,129,2190
3547,129,2190
3548,1,2318
3549,1,2318
3550,1,2318
3551,1,2318
3554,124,2195
3555,2,2317
3556,122,2197
3558,3,2316
3559,3,2316
3560,3,2316
3561,116,2203
3563,3,2316
3564,3,2316
3565,3,2316
3566,4,2315
3567,2,2317
3568,2,2317
3570,3,2316
3571,30,2289
3572,2,2317
3573,4,2315
3575,2,2317
3576,1,2318
3577,1,2318
3578,106,2213
3579,106,2213
3580,1,2318
3581,1,2318
3582,1,2318
3583,1,2318
3586,104,2215
3587,7,2312
3588,2,2317
3590,3,2316
3591,4,2315
3592,94,2225
3593,4,2315
3595,2,2317
3596,1,2318
3597,1,2318
3598,95,2224
3599,95,2224
3600,1,2318
3601,1,2318
3602,1,2318
3603,1,2318
3606,2,2317
3607,2,2317
3609,3,2316
3610,3,2316
3611,85,2234
3612,4,2315
3614,2,2317
3615,1,2318
3616,1,2318
3617,86,2233
3618,86,2233
3619,1,2318
3620,1,2318
3621,1,2318
3622,1,2318
3625,2,2317
3626,2,2317
3628,3,2316
3629,3,2316
3630,76,2243
3631,4,2315
3633,2,2317
3634,1,2318
3635,1,2318
3636,77,2242
3637,77,2242
3638,1,2318
3639,1,2318
3640,1,2318
3641,1,2318
3644,72,2247
3645,2,2317
3646,70,2249
3648,3,2316
3649,3,2316
3650,3,2316
3651,64,2255
3653,3,2316
3654,3,2316
3655,3,2316
3656,2,2317
3657,2,2317
3658,59,2260
3659,29,2290
3660,2,2317
3662,3,2316
3663,4,2315
3664,49,2270
3665,4,2315
3667,2,2317
3668,1,2318
3669,1,2318
3670,50,2269
3671,50,2269
3672,1,2318
3673,1,2318
3674,1,2318
3675,1,2318
3678,2,2317
3679,2,2317
3681,3,2316
3682,3,2316
3683,40,2279
3684,4,2315
3686,2,2317
3687,1,2318
3688,1,2318
3689,41,2278
3690,41,2278
3691,1,2318
3692,1,2318
3693,1,2318
3694,1,2318
3697,2,2317
3698,2,2317
3700,3,2316
3701,3,2316
3702,31,2288
3703,4,2315
3705,2,2317
3706,1,2318
3707,1,2318
3708,32,2287
3709,32,2287
3710,1,2318
3711,1,2318
3712,1,2318
3713,1,2318
3716,27,2292
3717,2,2317
3718,25,2294
3720,3,2316
3721,3,2316
3722,3,2316
3723,19,2300
3725,3,2316
3726,3,2316
3727,3,2316
3728,2,2317
3729,2,2317
3730,14,2305
3731,29,2290
3732,2,2317
3733,2,2317
3734,9,2310
3735,6,2313
3736,2,2317
3738,2,2317
3739,3,2316
3740,3,2316
3742,2,2317
3743,5,2314
3744,3,2316
3745,3,2316
3746,4,2315
3747,3,2316
3748,3,2316
3749,5,2314
3750,3,2316
3751,4,2315
3752,3,2316
3753,3,2316
3754,5,2314
3755,5,2314
3756,3,2316
3757,3,2316
3758,5,2314
3759,5,2314
3760,3,2316
3761,3,2316
3762,3,2316
3763,2,2317
3764,3,2316
3765,4,2315
3766,3,2316
3767,3,2316
3768,3,2316
3769,2,2317
3770,5,2314
3771,3,2316
3772,3,2316
3773,3,2316
3774,2,2317
3775,5,2314
3776,3,2316
3777,3,2316
3778,3,2316
3779,2,2317
3780,5,2314
3781,3,2316
3782,3,2316
3783,3,2316
3784,2,2317
3785,5,2314
3786,3,2316
3787,3,2316
3788,3,2316
3789,2,2317
3790,5,2314
3791,3,2316
3792,3,2316
3793,3,2316
3794,2,2317
3795,5,2314
3796,3,2316
3797,3,2316
3798,3,2316
3799,2,2317
3800,5,2314
3801,3,2316
3802,3,2316
3803,3,2316
3804,2,2317
3805,3,2316
3806,4,2315
3807,3,2316
3808,3,2316
3809,3,2316
3810,2,2317
3811,5,2314
3812,3,2316
3813,3,2316
3814,3,2316
3815,2,2317
3816,5,2314
3817,3,2316
3818,3,2316
3819,3,2316
3820,2,2317
3821,5,2314
3822,3,2316
3823,3,2316
3824,3,2316
3825,2,2317
3826,5,2314
3827,3,2316
3828,3,2316
3829,3,2316
3830,2,2317
3831,5,2314
3832,3,2316
3833,3,2316
3834,3,2316
3835,2,2317
3836,5,2314
3837,3,2316
3838,3,2316
3839,3,2316
3840,2,2317
3841,5,2314
3842,3,2316
3843,3,2316
3844,3,2316
3845,2,2317
3846,5,2314
3847,3,2316
3848,3,2316
3849,3,2316
3850,2,2317
3851,5,2314
3852,3,2316
3853,3,2316
3854,3,2316
3855,2,2317
3856,5,2314
3857,3,2316
3858,3,2316
3859,3,2316
3860,2,2317
3861,5,2314
3862,3,2316
3863,3,2316
3864,3,2316
3865,2,2317
3866,5,2314
3867,3,2316
3868,3,2316
3869,3,2316
3870,2,2317
3871,5,2314
3872,3,2316
3873,3,2316
3874,3,2316
3875,2,2317
3876,5,2314
3877,3,2316
3878,3,2316
3879,3,2316
3880,2,2317
3881,5,2314
3882,3,2316
3883,3,2316
3884,3,2316
3885,2,2317
3886,5,2314
3887,3,2316
3888,3,2316
3889,3,2316
3890,2,2317
3891,5,2314
3892,3,2316
3893,3,2316
3894,3,2316
3895,2,2317
3896,5,2314
3897,3,2316
3898,3,2316
3899,3,2316
3900,2,2317
3901,5,2314
3902,3,2316
3903,3,2316
3904,3,2316
3905,2,2317
3906,5,2314
3907,3,2316
3908,3,2316
3909,3,2316
3910,2,2317
3911,5,2314
3912,3,2316
3913,3,2316
3914,3,2316
3915,2,2317
3916,5,2314
3917,3,2316
3918,3,2316
3919,3,2316
3920,2,2317
3921,5,2314
3922,3,2316
3923,3,2316
3924,3,2316
3925,2,2317
3926,5,2314
3927,3,2316
3928,3,2316
3929,3,2316
3930,2,2317
3931,5,2314
3932,3,2316
3933,3,2316
3934,3,2316
3935,2,2317
3936,5,2314
3937,3,2316
3938,3,2316
3939,3,2316
3940,2,2317
3941,5,2314
3942,3,2316
3943,3,2316
3944,3,2316
3945,2,2317
3946,5,2314
3947,3,2316
3948,3,2316
3949,3,2316
3950,2,2317
3951,5,2314
3952,3,2316
3953,3,2316
3954,3,2316
3955,2,2317
3956,5,2314
3957,3,2316
3958,3,2316
3959,3,2316
3960,2,2317
3961,5,2314
3962,3,2316
3963,3,2316
3964,3,2316
3965,2,2317
3966,5,2314
3967,3,2316
3968,3,2316
3969,3,2316
3970,2,2317
3971,5,2314
3972,3,2316
3973,3,2316
3974,3,2316
3975,2,2317
3976,5,2314
3977,3,2316
3978,3,2316
3979,3,2316
3980,2,2317
3981,5,2314
3982,3,2316
3983,3,2316
3984,3,2316
3985,2,2317
3986,3,2316
3987,4,2315
3988,3,2316
3989,3,2316
3990,3,2316
3991,2,2317
3992,5,2314
3993,3,2316
3994,3,2316
3995,3,2316
3996,2,2317
3997,6,2313
3998,8,2311
3999,5,2314
4000,1,2318
4001,3,2316
4002,6,2313
4003,1,2318
4004,5,2314
4005,1,2318
4006,5,2314
4007,1,2318
4008,6,2313
4009,1,2318
4010,3,2316
4011,6,2313
4012,1,2318
4013,5,2314
4014,1,2318
4015,5,2314
4016,1,2318
4017,6,2313
4018,1,2318
4019,4,2315
4020,1,2318
4021,3,2316
4022,6,2313
4023,1,2318
4024,5,2314
4025,1,2318
4026,5,2314
4027,7,2312
4028,4,2315
4029,6,2313
4030,6,2313
4031,1,2318
4032,5,2314
4033,7,2312
4034,4,2315
4035,6,2313
4036,6,2313
4037,1,2318
4038,5,2314
4039,7,2312
4040,4,2315
4041,6,2313
4042,6,2313
4043,1,2318
4044,5,2314
4045,7,2312
4046,4,2315
4047,6,2313
4048,6,2313
4049,1,2318
4050,5,2314
4051,7,2312
4052,4,2315
4053,6,2313
4054,6,2313
4055,1,2318
4056,5,2314
4057,7,2312
4058,4,2315
4059,6,2313
4060,6,2313
4061,1,2318
4062,5,2314
4063,7,2312
4064,4,2315
4065,6,2313
4066,6,2313
4067,1,2318
4068,5,2314
4069,7,2312
4070,4,2315
4071,6,2313
4072,6,2313
4073,1,2318
4074,5,2314
4075,7,2312
4076,4,2315
4077,6,2313
4078,6,2313
4079,1,2318
4080,5,2314
4081,7,2312
4082,4,2315
4083,6,2313
4084,6,2313
4085,1,2318
4086,5,2314
4087,7,2312
4088,4,2315
4089,6,2313
4090,6,2313
4091,1,2318
4092,5,2314
4093,7,2312
4094,4,2315
4095,6,2313
4096,6,2313
4097,1,2318
4098,5,2314
4099,7,2312
4100,4,2315
4101,6,2313
4102,6,2313
4103,1,2318
4104,5,2314
4105,7,2312
4106,4,2315
4107,6,2313
4108,6,2313
4109,1,2318
4110,5,2314
4111,7,2312
4112,4,2315
4113,6,2313
4114,6,2313
4115,1,2318
4116,5,2314
4117,7,2312
4118,4,2315
4119,6,2313
4120,6,2313
4121,1,2318
4122,5,2314
4123,7,2312
4124,4,2315
4125,6,2313
4126,6,2313
4127,1,2318
4128,5,2314
4129,7,2312
4130,4,2315
4131,6,2313
4132,6,2313
4133,1,2318
4134,5,2314
4135,7,2312
4136,4,2315
4137,6,2313
4138,6,2313
4139,1,2318
4140,5,2314
4141,7,2312
4142,4,2315
4143,6,2313
4144,6,2313
4145,1,2318
4146,5,2314
4147,7,2312
4148,4,2315
4149,6,2313
4150,6,2313
4151,1,2318
4152,5,2314
4153,7,2312
4154,4,2315
4155,6,2313
4156,6,2313
4157,1,2318
4158,5,2314
4159,7,2312
4160,4,2315
4161,6,2313
4162,6,2313
4163,1,2318
4164,5,2314
4165,7,2312
4166,4,2315
4167,6,2313
4168,6,2313
4169,1,2318
4170,5,2314
4171,7,2312
4172,4,2315
4173,6,2313
4174,6,2313
4175,1,2318
4176,5,2314
4177,7,2312
4178,4,2315
4179,6,2313
4180,6,2313
4181,1,2318
4182,5,2314
4183,7,2312
4184,4,2315
4185,6,2313
4186,6,2313
4187,1,2318
4188,5,2314
4189,7,2312
4190,4,2315
4191,6,2313
4192,6,2313
4193,1,2318
4194,5,2314
4195,7,2312
4196,4,2315
4197,6,2313
4198,6,2313
4199,1,2318
4200,5,2314
4201,7,2312
4202,4,2315
4203,6,2313
4204,6,2313
4205,1,2318
4206,5,2314
4207,7,2312
4208,4,2315
4209,6,2313
4210,6,2313
4211,1,2318
4212,5,2314
4213,7,2312
4214,4,2315
4215,6,2313
4216,6,2313
4217,1,2318
4218,5,2314
4219,7,2312
4220,4,2315
4221,6,2313
4222,6,2313
4223,1,2318
4224,5,2314
4225,7,2312
4226,4,2315
4227,6,2313
4228,6,2313
4229,1,2318
4230,5,2314
4231,7,2312
4232,4,2315
4233,6,2313
4234,6,2313
4235,1,2318
4236,5,2314
4237,7,2312
4238,1,2318
4239,4,2315
4240,4,2315
4241,6,2313
4242,6,2313
4243,1,2318
4244,5,2314
4245,7,2312
4246,1,2318
4247,3,2316
4248,6,2313
4249,6,2313
4250,1,2318
4251,5,2314
4252,7,2312
4253,1,2318
4254,3,2316
4255,6,2313
4256,6,2313
4257,1,2318
4258,5,2314
4259,7,2312
4260,1,2318
4261,3,2316
4262,6,2313
4263,6,2313
4264,1,2318
4265,5,2314
4266,7,2312
4267,1,2318
4268,3,2316
4269,6,2313
4270,6,2313
4271,1,2318
4272,5,2314
4273,7,2312
4274,1,2318
4275,3,2316
4276,6,2313
4277,6,2313
4278,1,2318
4279,5,2314
4280,7,2312
4281,1,2318
4282,3,2316
4283,6,2313
4284,6,2313
4285,1,2318
4286,5,2314
4287,7,2312
4288,1,2318
4289,3,2316
4290,6,2313
4291,6,2313
4292,1,2318
4293,5,2314
4294,7,2312
4295,1,2318
4296,4,2315
4297,1,2318
4298,3,2316
4299,6,2313
4300,6,2313
4301,1,2318
4302,5,2314
4303,7,2312
4304,1,2318
4305,4,2315
4306,5,2314
4307,6,2313
4308,1,2318
4309,5,2314
4310,1,2318
4311,6,2313
4312,1,2318
4313,4,2315
4314,5,2314
4315,6,2313
4316,1,2318
4317,5,2314
4318,1,2318
4319,6,2313
4320,5,2314
4321,1,2318
4322,4,2315
4323,5,2314
4324,6,2313
4325,1,2318
4326,5,2314
4327,1,2318
4328,7,2312
4329,1,2318
4330,5,2314
4331,1,2318
4332,8,2311
