Size_MB,Lifetime
588,2317
3136,2
0.0078125,3
588,1
3136,2312
3136,4
0.00390625,2
0.00390625,1
0.00390625,1
3136,2313
0.00390625,2313
0.00390625,1
0.00390625,1
3136,1
0.00390625,1
3136,2
3136,2
0.140625,3
3136,3
3136,2303
3136,4
0.00390625,2
0.00390625,1
0.00390625,1
3136,2304
0.00390625,2304
0.00390625,1
0.00390625,1
3136,1
0.00390625,1
3136,2
6272,2
0.28125,3
3136,3
6272,2294
6272,4
0.00390625,2
0.00390625,1
0.00390625,1
6272,2295
0.00390625,2295
0.00390625,1
0.00390625,1
6272,1
0.00390625,1
6272,2
1568,2287
6272,2
1568,2
0.0625,3
1568,4
1568,2282
1568,4
0.00390625,2
0.00390625,1
0.00390625,1
1568,2283
0.00390625,2283
0.00390625,1
0.00390625,1
1568,1
0.00390625,1
1568,2
3136,2
1.125,3
1568,3
3136,2273
3136,4
0.00390625,2
0.00390625,1
0.00390625,1
3136,2274
0.00390625,2274
0.00390625,1
0.00390625,1
3136,1
0.00390625,1
3136,2
3136,2
0.25,3
3136,3
3136,2264
3136,4
0.00390625,2
0.00390625,1
0.00390625,1
3136,2265
0.00390625,2265
0.00390625,1
0.00390625,1
3136,1
0.00390625,1
1,2260
3136,2
0.0625,2258
0.015625,3
1,3
0.0625,3
1,2252
0.015625,3
0.0625,3
1,3
3136,4
1,2
3136,2
0.125,3
1568,30
3136,2
3136,4
0.00390625,2
0.00390625,1
0.00390625,1
3136,2242
0.00390625,2242
0.00390625,1
0.00390625,1
3136,1
0.00390625,1
3136,2240
3136,7
1568,2
0.125,3
3136,4
1568,2230
1568,4
0.00390625,2
0.00390625,1
0.00390625,1
1568,2231
0.00390625,2231
0.00390625,1
0.00390625,1
1568,1
0.00390625,1
1568,2
3136,2
1.125,3
1568,3
3136,2221
3136,4
0.00390625,2
0.00390625,1
0.00390625,1
3136,2222
0.00390625,2222
0.00390625,1
0.00390625,1
3136,1
0.00390625,1
3136,2
3136,2
0.25,3
3136,3
3136,2212
3136,4
0.00390625,2
0.00390625,1
0.00390625,1
3136,2213
0.00390625,2213
0.00390625,1
0.00390625,1
3136,1
0.00390625,1
1,2208
3136,2
0.0625,2206
0.015625,3
1,3
0.0625,3
1,2200
0.015625,3
0.0625,3
1,3
3136,2
1,2
3136,2195
3136,29
1568,2
0.125,3
3136,4
1568,2185
1568,4
0.00390625,2
0.00390625,1
0.00390625,1
1568,2186
0.00390625,2186
0.00390625,1
0.00390625,1
1568,1
0.00390625,1
1568,2
3136,2
1.125,3
1568,3
3136,2176
3136,4
0.00390625,2
0.00390625,1
0.00390625,1
3136,2177
0.00390625,2177
0.00390625,1
0.00390625,1
3136,1
0.00390625,1
3136,2
3136,2
0.25,3
3136,3
3136,2167
3136,4
0.00390625,2
0.00390625,1
0.00390625,1
3136,2168
0.00390625,2168
0.00390625,1
0.00390625,1
3136,1
0.00390625,1
1,2163
3136,2
0.0625,2161
0.015625,3
1,3
0.0625,3
1,2155
0.015625,3
0.0625,3
1,3
3136,2
1,2
3136,2150
3136,29
3136,2
0.25,3
3136,4
3136,2140
3136,4
0.00390625,2
0.00390625,1
0.00390625,1
3136,2141
0.00390625,2141
0.00390625,1
0.00390625,1
3136,1
0.00390625,1
3136,2
1568,2
4.5,3
3136,3
1568,2131
1568,4
0.00390625,2
0.00390625,1
0.00390625,1
1568,2132
0.00390625,2132
0.00390625,1
0.00390625,1
1568,1
0.00390625,1
1568,2
1568,2
1,3
1568,3
1568,2122
1568,4
0.00390625,2
0.00390625,1
0.00390625,1
1568,2123
0.00390625,2123
0.00390625,1
0.00390625,1
1568,1
0.00390625,1
2,2118
1568,2
0.125,2116
0.0625,3
2,3
0.125,3
2,2110
0.0625,3
0.125,3
2,3
1568,4
2,2
1568,2
4.5,3
3136,30
1568,2
1568,4
0.00390625,2
0.00390625,1
0.00390625,1
1568,2100
0.00390625,2100
0.00390625,1
0.00390625,1
1568,1
0.00390625,1
1568,2098
1568,7
784,2
0.5,3
1568,4
784,2088
784,4
0.00390625,2
0.00390625,1
0.00390625,1
784,2089
0.00390625,2089
0.00390625,1
0.00390625,1
784,1
0.00390625,1
784,2
1568,2
4.5,3
784,3
1568,2079
1568,4
0.00390625,2
0.00390625,1
0.00390625,1
1568,2080
0.00390625,2080
0.00390625,1
0.00390625,1
1568,1
0.00390625,1
1568,2
1568,2
1,3
1568,3
1568,2070
1568,4
0.00390625,2
0.00390625,1
0.00390625,1
1568,2071
0.00390625,2071
0.00390625,1
0.00390625,1
1568,1
0.00390625,1
2,2066
1568,2
0.125,2064
0.0625,3
2,3
0.125,3
2,2058
0.0625,3
0.125,3
2,3
1568,2
2,2
1568,2053
1568,29
784,2
0.5,3
1568,4
784,2043
784,4
0.00390625,2
0.00390625,1
0.00390625,1
784,2044
0.00390625,2044
0.00390625,1
0.00390625,1
784,1
0.00390625,1
784,2
1568,2
4.5,3
784,3
1568,2034
1568,4
0.00390625,2
0.00390625,1
0.00390625,1
1568,2035
0.00390625,2035
0.00390625,1
0.00390625,1
1568,1
0.00390625,1
1568,2
1568,2
1,3
1568,3
1568,2025
1568,4
0.00390625,2
0.00390625,1
0.00390625,1
1568,2026
0.00390625,2026
0.00390625,1
0.00390625,1
1568,1
0.00390625,1
2,2021
1568,2
0.125,2019
0.0625,3
2,3
0.125,3
2,2013
0.0625,3
0.125,3
2,3
1568,2
2,2
1568,2008
1568,29
784,2
0.5,3
1568,4
784,1998
784,4
0.00390625,2
0.00390625,1
0.00390625,1
784,1999
0.00390625,1999
0.00390625,1
0.00390625,1
784,1
0.00390625,1
784,2
1568,2
4.5,3
784,3
1568,1989
1568,4
0.00390625,2
0.00390625,1
0.00390625,1
1568,1990
0.00390625,1990
0.00390625,1
0.00390625,1
1568,1
0.00390625,1
1568,2
1568,2
1,3
1568,3
1568,1980
1568,4
0.00390625,2
0.00390625,1
0.00390625,1
1568,1981
0.00390625,1981
0.00390625,1
0.00390625,1
1568,1
0.00390625,1
2,1976
1568,2
0.125,1974
0.0625,3
2,3
0.125,3
2,1968
0.0625,3
0.125,3
2,3
1568,2
2,2
1568,1963
1568,29
784,2
0.5,3
1568,4
784,1953
784,4
0.00390625,2
0.00390625,1
0.00390625,1
784,1954
0.00390625,1954
0.00390625,1
0.00390625,1
784,1
0.00390625,1
784,2
1568,2
4.5,3
784,3
1568,1944
1568,4
0.00390625,2
0.00390625,1
0.00390625,1
1568,1945
0.00390625,1945
0.00390625,1
0.00390625,1
1568,1
0.00390625,1
1568,2
1568,2
1,3
1568,3
1568,1935
1568,4
0.00390625,2
0.00390625,1
0.00390625,1
1568,1936
0.00390625,1936
0.00390625,1
0.00390625,1
1568,1
0.00390625,1
2,1931
1568,2
0.125,1929
0.0625,3
2,3
0.125,3
2,1923
0.0625,3
0.125,3
2,3
1568,2
2,2
1568,1918
1568,29
784,2
0.5,3
1568,4
784,1908
784,4
0.00390625,2
0.00390625,1
0.00390625,1
784,1909
0.00390625,1909
0.00390625,1
0.00390625,1
784,1
0.00390625,1
784,2
1568,2
4.5,3
784,3
1568,1899
1568,4
0.00390625,2
0.00390625,1
0.00390625,1
1568,1900
0.00390625,1900
0.00390625,1
0.00390625,1
1568,1
0.00390625,1
1568,2
1568,2
1,3
1568,3
1568,1890
1568,4
0.00390625,2
0.00390625,1
0.00390625,1
1568,1891
0.00390625,1891
0.00390625,1
0.00390625,1
1568,1
0.00390625,1
2,1886
1568,2
0.125,1884
0.0625,3
2,3
0.125,3
2,1878
0.0625,3
0.125,3
2,3
1568,2
2,2
1568,1873
1568,29
784,2
0.5,3
1568,4
784,1863
784,4
0.00390625,2
0.00390625,1
0.00390625,1
784,1864
0.00390625,1864
0.00390625,1
0.00390625,1
784,1
0.00390625,1
784,2
1568,2
4.5,3
784,3
1568,1854
1568,4
0.00390625,2
0.00390625,1
0.00390625,1
1568,1855
0.00390625,1855
0.00390625,1
0.00390625,1
1568,1
0.00390625,1
1568,2
1568,2
1,3
1568,3
1568,1845
1568,4
0.00390625,2
0.00390625,1
0.00390625,1
1568,1846
0.00390625,1846
0.00390625,1
0.00390625,1
1568,1
0.00390625,1
2,1841
1568,2
0.125,1839
0.0625,3
2,3
0.125,3
2,1833
0.0625,3
0.125,3
2,3
1568,2
2,2
1568,1828
1568,29
784,2
0.5,3
1568,4
784,1818
784,4
0.00390625,2
0.00390625,1
0.00390625,1
784,1819
0.00390625,1819
0.00390625,1
0.00390625,1
784,1
0.00390625,1
784,2
1568,2
4.5,3
784,3
1568,1809
1568,4
0.00390625,2
0.00390625,1
0.00390625,1
1568,1810
0.00390625,1810
0.00390625,1
0.00390625,1
1568,1
0.00390625,1
1568,2
1568,2
1,3
1568,3
1568,1800
1568,4
0.00390625,2
0.00390625,1
0.00390625,1
1568,1801
0.00390625,1801
0.00390625,1
0.00390625,1
1568,1
0.00390625,1
2,1796
1568,2
0.125,1794
0.0625,3
2,3
0.125,3
2,1788
0.0625,3
0.125,3
2,3
1568,2
2,2
1568,1783
1568,29
1568,2
1,3
1568,4
1568,1773
1568,4
0.00390625,2
0.00390625,1
0.00390625,1
1568,1774
0.00390625,1774
0.00390625,1
0.00390625,1
1568,1
0.00390625,1
1568,2
784,2
18,3
1568,3
784,1764
784,4
0.0078125,2
0.00390625,1
0.00390625,1
784,1765
0.00390625,1765
0.00390625,1
0.00390625,1
784,1
0.00390625,1
784,2
784,2
4,3
784,3
784,1755
784,4
0.0078125,2
0.00390625,1
0.00390625,1
784,1756
0.00390625,1756
0.00390625,1
0.00390625,1
784,1
0.00390625,1
4,1751
784,2
0.25,1749
0.25,3
4,3
0.25,3
4,1743
0.25,3
0.25,3
4,3
784,4
4,2
784,2
18,3
1568,30
784,2
784,4
0.0078125,2
0.00390625,1
0.00390625,1
784,1733
0.00390625,1733
0.00390625,1
0.00390625,1
784,1
0.00390625,1
784,1731
784,7
392,2
2,3
784,4
392,1721
392,4
0.00390625,2
0.00390625,1
0.00390625,1
392,1722
0.00390625,1722
0.00390625,1
0.00390625,1
392,1
0.00390625,1
392,2
784,2
18,3
392,3
784,1712
784,4
0.0078125,2
0.00390625,1
0.00390625,1
784,1713
0.00390625,1713
0.00390625,1
0.00390625,1
784,1
0.00390625,1
784,2
784,2
4,3
784,3
784,1703
784,4
0.0078125,2
0.00390625,1
0.00390625,1
784,1704
0.00390625,1704
0.00390625,1
0.00390625,1
784,1
0.00390625,1
4,1699
784,2
0.25,1697
0.25,3
4,3
0.25,3
4,1691
0.25,3
0.25,3
4,3
784,2
4,2
784,1686
784,29
392,2
2,3
784,4
392,1676
392,4
0.00390625,2
0.00390625,1
0.00390625,1
392,1677
0.00390625,1677
0.00390625,1
0.00390625,1
392,1
0.00390625,1
392,2
784,2
18,3
392,3
784,1667
784,4
0.0078125,2
0.00390625,1
0.00390625,1
784,1668
0.00390625,1668
0.00390625,1
0.00390625,1
784,1
0.00390625,1
784,2
784,2
4,3
784,3
784,1658
784,4
0.0078125,2
0.00390625,1
0.00390625,1
784,1659
0.00390625,1659
0.00390625,1
0.00390625,1
784,1
0.00390625,1
4,1654
784,2
0.25,1652
0.25,3
4,3
0.25,3
4,1646
0.25,3
0.25,3
4,3
784,2
4,2
784,1641
784,29
392,2
2,3
784,4
392,1631
392,4
0.00390625,2
0.00390625,1
0.00390625,1
392,1632
0.00390625,1632
0.00390625,1
0.00390625,1
392,1
0.00390625,1
392,2
784,2
18,3
392,3
784,1622
784,4
0.0078125,2
0.00390625,1
0.00390625,1
784,1623
0.00390625,1623
0.00390625,1
0.00390625,1
784,1
0.00390625,1
784,2
784,2
4,3
784,3
784,1613
784,4
0.0078125,2
0.00390625,1
0.00390625,1
784,1614
0.00390625,1614
0.00390625,1
0.00390625,1
784,1
0.00390625,1
4,1609
784,2
0.25,1607
0.25,3
4,3
0.25,3
4,1601
0.25,3
0.25,3
4,3
784,2
4,2
784,1596
784,29
392,2
2,3
784,4
392,1586
392,4
0.00390625,2
0.00390625,1
0.00390625,1
392,1587
0.00390625,1587
0.00390625,1
0.00390625,1
392,1
0.00390625,1
392,2
784,2
18,3
392,3
784,1577
784,4
0.0078125,2
0.00390625,1
0.00390625,1
784,1578
0.00390625,1578
0.00390625,1
0.00390625,1
784,1
0.00390625,1
784,2
784,2
4,3
784,3
784,1568
784,4
0.0078125,2
0.00390625,1
0.00390625,1
784,1569
0.00390625,1569
0.00390625,1
0.00390625,1
784,1
0.00390625,1
4,1564
784,2
0.25,1562
0.25,3
4,3
0.25,3
4,1556
0.25,3
0.25,3
4,3
784,2
4,2
784,1551
784,29
392,2
2,3
784,4
392,1541
392,4
0.00390625,2
0.00390625,1
0.00390625,1
392,1542
0.00390625,1542
0.00390625,1
0.00390625,1
392,1
0.00390625,1
392,2
784,2
18,3
392,3
784,1532
784,4
0.0078125,2
0.00390625,1
0.00390625,1
784,1533
0.00390625,1533
0.00390625,1
0.00390625,1
784,1
0.00390625,1
784,2
784,2
4,3
784,3
784,1523
784,4
0.0078125,2
0.00390625,1
0.00390625,1
784,1524
0.00390625,1524
0.00390625,1
0.00390625,1
784,1
0.00390625,1
4,1519
784,2
0.25,1517
0.25,3
4,3
0.25,3
4,1511
0.25,3
0.25,3
4,3
784,2
4,2
784,1506
784,29
392,2
2,3
784,4
392,1496
392,4
0.00390625,2
0.00390625,1
0.00390625,1
392,1497
0.00390625,1497
0.00390625,1
0.00390625,1
392,1
0.00390625,1
392,2
784,2
18,3
392,3
784,1487
784,4
0.0078125,2
0.00390625,1
0.00390625,1
784,1488
0.00390625,1488
0.00390625,1
0.00390625,1
784,1
0.00390625,1
784,2
784,2
4,3
784,3
784,1478
784,4
0.0078125,2
0.00390625,1
0.00390625,1
784,1479
0.00390625,1479
0.00390625,1
0.00390625,1
784,1
0.00390625,1
4,1474
784,2
0.25,1472
0.25,3
4,3
0.25,3
4,1466
0.25,3
0.25,3
4,3
784,2
4,2
784,1461
784,29
392,2
2,3
784,4
392,1451
392,4
0.00390625,2
0.00390625,1
0.00390625,1
392,1452
0.00390625,1452
0.00390625,1
0.00390625,1
392,1
0.00390625,1
392,2
784,2
18,3
392,3
784,1442
784,4
0.0078125,2
0.00390625,1
0.00390625,1
784,1443
0.00390625,1443
0.00390625,1
0.00390625,1
784,1
0.00390625,1
784,2
784,2
4,3
784,3
784,1433
784,4
0.0078125,2
0.00390625,1
0.00390625,1
784,1434
0.00390625,1434
0.00390625,1
0.00390625,1
784,1
0.00390625,1
4,1429
784,2
0.25,1427
0.25,3
4,3
0.25,3
4,1421
0.25,3
0.25,3
4,3
784,2
4,2
784,1416
784,29
392,2
2,3
784,4
392,1406
392,4
0.00390625,2
0.00390625,1
0.00390625,1
392,1407
0.00390625,1407
0.00390625,1
0.00390625,1
392,1
0.00390625,1
392,2
784,2
18,3
392,3
784,1397
784,4
0.0078125,2
0.00390625,1
0.00390625,1
784,1398
0.00390625,1398
0.00390625,1
0.00390625,1
784,1
0.00390625,1
784,2
784,2
4,3
784,3
784,1388
784,4
0.0078125,2
0.00390625,1
0.00390625,1
784,1389
0.00390625,1389
0.00390625,1
0.00390625,1
784,1
0.00390625,1
4,1384
784,2
0.25,1382
0.25,3
4,3
0.25,3
4,1376
0.25,3
0.25,3
4,3
784,2
4,2
784,1371
784,29
392,2
2,3
784,4
392,1361
392,4
0.00390625,2
0.00390625,1
0.00390625,1
392,1362
0.00390625,1362
0.00390625,1
0.00390625,1
392,1
0.00390625,1
392,2
784,2
18,3
392,3
784,1352
784,4
0.0078125,2
0.00390625,1
0.00390625,1
784,1353
0.00390625,1353
0.00390625,1
0.00390625,1
784,1
0.00390625,1
784,2
784,2
4,3
784,3
784,1343
784,4
0.0078125,2
0.00390625,1
0.00390625,1
784,1344
0.00390625,1344
0.00390625,1
0.00390625,1
784,1
0.00390625,1
4,1339
784,2
0.25,1337
0.25,3
4,3
0.25,3
4,1331
0.25,3
0.25,3
4,3
784,2
4,2
784,1326
784,29
392,2
2,3
784,4
392,1316
392,4
0.00390625,2
0.00390625,1
0.00390625,1
392,1317
0.00390625,1317
0.00390625,1
0.00390625,1
392,1
0.00390625,1
392,2
784,2
18,3
392,3
784,1307
784,4
0.0078125,2
0.00390625,1
0.00390625,1
784,1308
0.00390625,1308
0.00390625,1
0.00390625,1
784,1
0.00390625,1
784,2
784,2
4,3
784,3
784,1298
784,4
0.0078125,2
0.00390625,1
0.00390625,1
784,1299
0.00390625,1299
0.00390625,1
0.00390625,1
784,1
0.00390625,1
4,1294
784,2
0.25,1292
0.25,3
4,3
0.25,3
4,1286
0.25,3
0.25,3
4,3
784,2
4,2
784,1281
784,29
392,2
2,3
784,4
392,1271
392,4
0.00390625,2
0.00390625,1
0.00390625,1
392,1272
0.00390625,1272
0.00390625,1
0.00390625,1
392,1
0.00390625,1
392,2
784,2
18,3
392,3
784,1262
784,4
0.0078125,2
0.00390625,1
0.00390625,1
784,1263
0.00390625,1263
0.00390625,1
0.00390625,1
784,1
0.00390625,1
784,2
784,2
4,3
784,3
784,1253
784,4
0.0078125,2
0.00390625,1
0.00390625,1
784,1254
0.00390625,1254
0.00390625,1
0.00390625,1
784,1
0.00390625,1
4,1249
784,2
0.25,1247
0.25,3
4,3
0.25,3
4,1241
0.25,3
0.25,3
4,3
784,2
4,2
784,1236
784,29
392,2
2,3
784,4
392,1226
392,4
0.00390625,2
0.00390625,1
0.00390625,1
392,1227
0.00390625,1227
0.00390625,1
0.00390625,1
392,1
0.00390625,1
392,2
784,2
18,3
392,3
784,1217
784,4
0.0078125,2
0.00390625,1
0.00390625,1
784,1218
0.00390625,1218
0.00390625,1
0.00390625,1
784,1
0.00390625,1
784,2
784,2
4,3
784,3
784,1208
784,4
0.0078125,2
0.00390625,1
0.00390625,1
784,1209
0.00390625,1209
0.00390625,1
0.00390625,1
784,1
0.00390625,1
4,1204
784,2
0.25,1202
0.25,3
4,3
0.25,3
4,1196
0.25,3
0.25,3
4,3
784,2
4,2
784,1191
784,29
392,2
2,3
784,4
392,1181
392,4
0.00390625,2
0.00390625,1
0.00390625,1
392,1182
0.00390625,1182
0.00390625,1
0.00390625,1
392,1
0.00390625,1
392,2
784,2
18,3
392,3
784,1172
784,4
0.0078125,2
0.00390625,1
0.00390625,1
784,1173
0.00390625,1173
0.00390625,1
0.00390625,1
784,1
0.00390625,1
784,2
784,2
4,3
784,3
784,1163
784,4
0.0078125,2
0.00390625,1
0.00390625,1
784,1164
0.00390625,1164
0.00390625,1
0.00390625,1
784,1
0.00390625,1
4,1159
784,2
0.25,1157
0.25,3
4,3
0.25,3
4,1151
0.25,3
0.25,3
4,3
784,2
4,2
784,1146
784,29
392,2
2,3
784,4
392,1136
392,4
0.00390625,2
0.00390625,1
0.00390625,1
392,1137
0.00390625,1137
0.00390625,1
0.00390625,1
392,1
0.00390625,1
392,2
784,2
18,3
392,3
784,1127
784,4
0.0078125,2
0.00390625,1
0.00390625,1
784,1128
0.00390625,1128
0.00390625,1
0.00390625,1
784,1
0.00390625,1
784,2
784,2
4,3
784,3
784,1118
784,4
0.0078125,2
0.00390625,1
0.00390625,1
784,1119
0.00390625,1119
0.00390625,1
0.00390625,1
784,1
0.00390625,1
4,1114
784,2
0.25,1112
0.25,3
4,3
0.25,3
4,1106
0.25,3
0.25,3
4,3
784,2
4,2
784,1101
784,29
392,2
2,3
784,4
392,1091
392,4
0.00390625,2
0.00390625,1
0.00390625,1
392,1092
0.00390625,1092
0.00390625,1
0.00390625,1
392,1
0.00390625,1
392,2
784,2
18,3
392,3
784,1082
784,4
0.0078125,2
0.00390625,1
0.00390625,1
784,1083
0.00390625,1083
0.00390625,1
0.00390625,1
784,1
0.00390625,1
784,2
784,2
4,3
784,3
784,1073
784,4
0.0078125,2
0.00390625,1
0.00390625,1
784,1074
0.00390625,1074
0.00390625,1
0.00390625,1
784,1
0.00390625,1
4,1069
784,2
0.25,1067
0.25,3
4,3
0.25,3
4,1061
0.25,3
0.25,3
4,3
784,2
4,2
784,1056
784,29
392,2
2,3
784,4
392,1046
392,4
0.00390625,2
0.00390625,1
0.00390625,1
392,1047
0.00390625,1047
0.00390625,1
0.00390625,1
392,1
0.00390625,1
392,2
784,2
18,3
392,3
784,1037
784,4
0.0078125,2
0.00390625,1
0.00390625,1
784,1038
0.00390625,1038
0.00390625,1
0.00390625,1
784,1
0.00390625,1
784,2
784,2
4,3
784,3
784,1028
784,4
0.0078125,2
0.00390625,1
0.00390625,1
784,1029
0.00390625,1029
0.00390625,1
0.00390625,1
784,1
0.00390625,1
4,1024
784,2
0.25,1022
0.25,3
4,3
0.25,3
4,1016
0.25,3
0.25,3
4,3
784,2
4,2
784,1011
784,29
392,2
2,3
784,4
392,1001
392,4
0.00390625,2
0.00390625,1
0.00390625,1
392,1002
0.00390625,1002
0.00390625,1
0.00390625,1
392,1
0.00390625,1
392,2
784,2
18,3
392,3
784,992
784,4
0.0078125,2
0.00390625,1
0.00390625,1
784,993
0.00390625,993
0.00390625,1
0.00390625,1
784,1
0.00390625,1
784,2
784,2
4,3
784,3
784,983
784,4
0.0078125,2
0.00390625,1
0.00390625,1
784,984
0.00390625,984
0.00390625,1
0.00390625,1
784,1
0.00390625,1
4,979
784,2
0.25,977
0.25,3
4,3
0.25,3
4,971
0.25,3
0.25,3
4,3
784,2
4,2
784,966
784,29
392,2
2,3
784,4
392,956
392,4
0.00390625,2
0.00390625,1
0.00390625,1
392,957
0.00390625,957
0.00390625,1
0.00390625,1
392,1
0.00390625,1
392,2
784,2
18,3
392,3
784,947
784,4
0.0078125,2
0.00390625,1
0.00390625,1
784,948
0.00390625,948
0.00390625,1
0.00390625,1
784,1
0.00390625,1
784,2
784,2
4,3
784,3
784,938
784,4
0.0078125,2
0.00390625,1
0.00390625,1
784,939
0.00390625,939
0.00390625,1
0.00390625,1
784,1
0.00390625,1
4,934
784,2
0.25,932
0.25,3
4,3
0.25,3
4,926
0.25,3
0.25,3
4,3
784,2
4,2
784,921
784,29
392,2
2,3
784,4
392,911
392,4
0.00390625,2
0.00390625,1
0.00390625,1
392,912
0.00390625,912
0.00390625,1
0.00390625,1
392,1
0.00390625,1
392,2
784,2
18,3
392,3
784,902
784,4
0.0078125,2
0.00390625,1
0.00390625,1
784,903
0.00390625,903
0.00390625,1
0.00390625,1
784,1
0.00390625,1
784,2
784,2
4,3
784,3
784,893
784,4
0.0078125,2
0.00390625,1
0.00390625,1
784,894
0.00390625,894
0.00390625,1
0.00390625,1
784,1
0.00390625,1
4,889
784,2
0.25,887
0.25,3
4,3
0.25,3
4,881
0.25,3
0.25,3
4,3
784,2
4,2
784,876
784,29
392,2
2,3
784,4
392,866
392,4
0.00390625,2
0.00390625,1
0.00390625,1
392,867
0.00390625,867
0.00390625,1
0.00390625,1
392,1
0.00390625,1
392,2
784,2
18,3
392,3
784,857
784,4
0.0078125,2
0.00390625,1
0.00390625,1
784,858
0.00390625,858
0.00390625,1
0.00390625,1
784,1
0.00390625,1
784,2
784,2
4,3
784,3
784,848
784,4
0.0078125,2
0.00390625,1
0.00390625,1
784,849
0.00390625,849
0.00390625,1
0.00390625,1
784,1
0.00390625,1
4,844
784,2
0.25,842
0.25,3
4,3
0.25,3
4,836
0.25,3
0.25,3
4,3
784,2
4,2
784,831
784,29
392,2
2,3
784,4
392,821
392,4
0.00390625,2
0.00390625,1
0.00390625,1
392,822
0.00390625,822
0.00390625,1
0.00390625,1
392,1
0.00390625,1
392,2
784,2
18,3
392,3
784,812
784,4
0.0078125,2
0.00390625,1
0.00390625,1
784,813
0.00390625,813
0.00390625,1
0.00390625,1
784,1
0.00390625,1
784,2
784,2
4,3
784,3
784,803
784,4
0.0078125,2
0.00390625,1
0.00390625,1
784,804
0.00390625,804
0.00390625,1
0.00390625,1
784,1
0.00390625,1
4,799
784,2
0.25,797
0.25,3
4,3
0.25,3
4,791
0.25,3
0.25,3
4,3
784,2
4,2
784,786
784,29
392,2
2,3
784,4
392,776
392,4
0.00390625,2
0.00390625,1
0.00390625,1
392,777
0.00390625,777
0.00390625,1
0.00390625,1
392,1
0.00390625,1
392,2
784,2
18,3
392,3
784,767
784,4
0.0078125,2
0.00390625,1
0.00390625,1
784,768
0.00390625,768
0.00390625,1
0.00390625,1
784,1
0.00390625,1
784,2
784,2
4,3
784,3
784,758
784,4
0.0078125,2
0.00390625,1
0.00390625,1
784,759
0.00390625,759
0.00390625,1
0.00390625,1
784,1
0.00390625,1
4,754
784,2
0.25,752
0.25,3
4,3
0.25,3
4,746
0.25,3
0.25,3
4,3
784,2
4,2
784,741
784,29
392,2
2,3
784,4
392,731
392,4
0.00390625,2
0.00390625,1
0.00390625,1
392,732
0.00390625,732
0.00390625,1
0.00390625,1
392,1
0.00390625,1
392,2
784,2
18,3
392,3
784,722
784,4
0.0078125,2
0.00390625,1
0.00390625,1
784,723
0.00390625,723
0.00390625,1
0.00390625,1
784,1
0.00390625,1
784,2
784,2
4,3
784,3
784,713
784,4
0.0078125,2
0.00390625,1
0.00390625,1
784,714
0.00390625,714
0.00390625,1
0.00390625,1
784,1
0.00390625,1
4,709
784,2
0.25,707
0.25,3
4,3
0.25,3
4,701
0.25,3
0.25,3
4,3
784,2
4,2
784,696
784,29
392,2
2,3
784,4
392,686
392,4
0.00390625,2
0.00390625,1
0.00390625,1
392,687
0.00390625,687
0.00390625,1
0.00390625,1
392,1
0.00390625,1
392,2
784,2
18,3
392,3
784,677
784,4
0.0078125,2
0.00390625,1
0.00390625,1
784,678
0.00390625,678
0.00390625,1
0.00390625,1
784,1
0.00390625,1
784,2
784,2
4,3
784,3
784,668
784,4
0.0078125,2
0.00390625,1
0.00390625,1
784,669
0.00390625,669
0.00390625,1
0.00390625,1
784,1
0.00390625,1
4,664
784,2
0.25,662
0.25,3
4,3
0.25,3
4,656
0.25,3
0.25,3
4,3
784,2
4,2
784,651
784,29
392,2
2,3
784,4
392,641
392,4
0.00390625,2
0.00390625,1
0.00390625,1
392,642
0.00390625,642
0.00390625,1
0.00390625,1
392,1
0.00390625,1
392,2
784,2
18,3
392,3
784,632
784,4
0.0078125,2
0.00390625,1
0.00390625,1
784,633
0.00390625,633
0.00390625,1
0.00390625,1
784,1
0.00390625,1
784,2
784,2
4,3
784,3
784,623
784,4
0.0078125,2
0.00390625,1
0.00390625,1
784,624
0.00390625,624
0.00390625,1
0.00390625,1
784,1
0.00390625,1
4,619
784,2
0.25,617
0.25,3
4,3
0.25,3
4,611
0.25,3
0.25,3
4,3
784,2
4,2
784,606
784,29
392,2
2,3
784,4
392,596
392,4
0.00390625,2
0.00390625,1
0.00390625,1
392,597
0.00390625,597
0.00390625,1
0.00390625,1
392,1
0.00390625,1
392,2
784,2
18,3
392,3
784,587
784,4
0.0078125,2
0.00390625,1
0.00390625,1
784,588
0.00390625,588
0.00390625,1
0.00390625,1
784,1
0.00390625,1
784,2
784,2
4,3
784,3
784,578
784,4
0.0078125,2
0.00390625,1
0.00390625,1
784,579
0.00390625,579
0.00390625,1
0.00390625,1
784,1
0.00390625,1
4,574
784,2
0.25,572
0.25,3
4,3
0.25,3
4,566
0.25,3
0.25,3
4,3
784,2
4,2
784,561
784,29
392,2
2,3
784,4
392,551
392,4
0.00390625,2
0.00390625,1
0.00390625,1
392,552
0.00390625,552
0.00390625,1
0.00390625,1
392,1
0.00390625,1
392,2
784,2
18,3
392,3
784,542
784,4
0.0078125,2
0.00390625,1
0.00390625,1
784,543
0.00390625,543
0.00390625,1
0.00390625,1
784,1
0.00390625,1
784,2
784,2
4,3
784,3
784,533
784,4
0.0078125,2
0.00390625,1
0.00390625,1
784,534
0.00390625,534
0.00390625,1
0.00390625,1
784,1
0.00390625,1
4,529
784,2
0.25,527
0.25,3
4,3
0.25,3
4,521
0.25,3
0.25,3
4,3
784,2
4,2
784,516
784,29
392,2
2,3
784,4
392,506
392,4
0.00390625,2
0.00390625,1
0.00390625,1
392,507
0.00390625,507
0.00390625,1
0.00390625,1
392,1
0.00390625,1
392,2
784,2
18,3
392,3
784,497
784,4
0.0078125,2
0.00390625,1
0.00390625,1
784,498
0.00390625,498
0.00390625,1
0.00390625,1
784,1
0.00390625,1
784,2
784,2
4,3
784,3
784,488
784,4
0.0078125,2
0.00390625,1
0.00390625,1
784,489
0.00390625,489
0.00390625,1
0.00390625,1
784,1
0.00390625,1
4,484
784,2
0.25,482
0.25,3
4,3
0.25,3
4,476
0.25,3
0.25,3
4,3
784,2
4,2
784,471
784,29
392,2
2,3
784,4
392,461
392,4
0.00390625,2
0.00390625,1
0.00390625,1
392,462
0.00390625,462
0.00390625,1
0.00390625,1
392,1
0.00390625,1
392,2
784,2
18,3
392,3
784,452
784,4
0.0078125,2
0.00390625,1
0.00390625,1
784,453
0.00390625,453
0.00390625,1
0.00390625,1
784,1
0.00390625,1
784,2
784,2
4,3
784,3
784,443
784,4
0.0078125,2
0.00390625,1
0.00390625,1
784,444
0.00390625,444
0.00390625,1
0.00390625,1
784,1
0.00390625,1
4,439
784,2
0.25,437
0.25,3
4,3
0.25,3
4,431
0.25,3
0.25,3
4,3
784,2
4,2
784,426
784,29
392,2
2,3
784,4
392,416
392,4
0.00390625,2
0.00390625,1
0.00390625,1
392,417
0.00390625,417
0.00390625,1
0.00390625,1
392,1
0.00390625,1
392,2
784,2
18,3
392,3
784,407
784,4
0.0078125,2
0.00390625,1
0.00390625,1
784,408
0.00390625,408
0.00390625,1
0.00390625,1
784,1
0.00390625,1
784,2
784,2
4,3
784,3
784,398
784,4
0.0078125,2
0.00390625,1
0.00390625,1
784,399
0.00390625,399
0.00390625,1
0.00390625,1
784,1
0.00390625,1
4,394
784,2
0.25,392
0.25,3
4,3
0.25,3
4,386
0.25,3
0.25,3
4,3
784,2
4,2
784,381
784,29
392,2
2,3
784,4
392,371
392,4
0.00390625,2
0.00390625,1
0.00390625,1
392,372
0.00390625,372
0.00390625,1
0.00390625,1
392,1
0.00390625,1
392,2
784,2
18,3
392,3
784,362
784,4
0.0078125,2
0.00390625,1
0.00390625,1
784,363
0.00390625,363
0.00390625,1
0.00390625,1
784,1
0.00390625,1
784,2
784,2
4,3
784,3
784,353
784,4
0.0078125,2
0.00390625,1
0.00390625,1
784,354
0.00390625,354
0.00390625,1
0.00390625,1
784,1
0.00390625,1
4,349
784,2
0.25,347
0.25,3
4,3
0.25,3
4,341
0.25,3
0.25,3
4,3
784,2
4,2
784,336
784,29
392,2
2,3
784,4
392,326
392,4
0.00390625,2
0.00390625,1
0.00390625,1
392,327
0.00390625,327
0.00390625,1
0.00390625,1
392,1
0.00390625,1
392,2
784,2
18,3
392,3
784,317
784,4
0.0078125,2
0.00390625,1
0.00390625,1
784,318
0.00390625,318
0.00390625,1
0.00390625,1
784,1
0.00390625,1
784,2
784,2
4,3
784,3
784,308
784,4
0.0078125,2
0.00390625,1
0.00390625,1
784,309
0.00390625,309
0.00390625,1
0.00390625,1
784,1
0.00390625,1
4,304
784,2
0.25,302
0.25,3
4,3
0.25,3
4,296
0.25,3
0.25,3
4,3
784,2
4,2
784,291
784,29
392,2
2,3
784,4
392,281
392,4
0.00390625,2
0.00390625,1
0.00390625,1
392,282
0.00390625,282
0.00390625,1
0.00390625,1
392,1
0.00390625,1
392,2
784,2
18,3
392,3
784,272
784,4
0.0078125,2
0.00390625,1
0.00390625,1
784,273
0.00390625,273
0.00390625,1
0.00390625,1
784,1
0.00390625,1
784,2
784,2
4,3
784,3
784,263
784,4
0.0078125,2
0.00390625,1
0.00390625,1
784,264
0.00390625,264
0.00390625,1
0.00390625,1
784,1
0.00390625,1
4,259
784,2
0.25,257
0.25,3
4,3
0.25,3
4,251
0.25,3
0.25,3
4,3
784,2
4,2
784,246
784,29
392,2
2,3
784,4
392,236
392,4
0.00390625,2
0.00390625,1
0.00390625,1
392,237
0.00390625,237
0.00390625,1
0.00390625,1
392,1
0.00390625,1
392,2
784,2
18,3
392,3
784,227
784,4
0.0078125,2
0.00390625,1
0.00390625,1
784,228
0.00390625,228
0.00390625,1
0.00390625,1
784,1
0.00390625,1
784,2
784,2
4,3
784,3
784,218
784,4
0.0078125,2
0.00390625,1
0.00390625,1
784,219
0.00390625,219
0.00390625,1
0.00390625,1
784,1
0.00390625,1
4,214
784,2
0.25,212
0.25,3
4,3
0.25,3
4,206
0.25,3
0.25,3
4,3
784,2
4,2
784,201
784,29
392,2
2,3
784,4
392,191
392,4
0.00390625,2
0.00390625,1
0.00390625,1
392,192
0.00390625,192
0.00390625,1
0.00390625,1
392,1
0.00390625,1
392,2
784,2
18,3
392,3
784,182
784,4
0.0078125,2
0.00390625,1
0.00390625,1
784,183
0.00390625,183
0.00390625,1
0.00390625,1
784,1
0.00390625,1
784,2
784,2
4,3
784,3
784,173
784,4
0.0078125,2
0.00390625,1
0.00390625,1
784,174
0.00390625,174
0.00390625,1
0.00390625,1
784,1
0.00390625,1
4,169
784,2
0.25,167
0.25,3
4,3
0.25,3
4,161
0.25,3
0.25,3
4,3
784,2
4,2
784,156
784,29
784,2
4,3
784,4
784,146
784,4
0.0078125,2
0.00390625,1
0.00390625,1
784,147
0.00390625,147
0.00390625,1
0.00390625,1
784,1
0.00390625,1
784,2
392,2
72,3
784,3
392,137
392,4
0.015625,2
0.0078125,1
0.0078125,1
392,138
0.0078125,138
0.0078125,1
0.0078125,1
392,1
0.0078125,1
392,2
392,2
16,3
392,3
392,128
392,4
0.015625,2
0.0078125,1
0.0078125,1
392,129
0.0078125,129
0.0078125,1
0.0078125,1
392,1
0.0078125,1
8,124
392,2
0.5,122
1,3
8,3
0.5,3
8,116
1,3
0.5,3
8,3
392,4
8,2
392,2
72,3
784,30
392,2
392,4
0.015625,2
0.0078125,1
0.0078125,1
392,106
0.0078125,106
0.0078125,1
0.0078125,1
392,1
0.0078125,1
392,104
392,7
196,2
8,3
392,4
196,94
196,4
0.0078125,2
0.00390625,1
0.00390625,1
196,95
0.00390625,95
0.00390625,1
0.00390625,1
196,1
0.00390625,1
196,2
392,2
72,3
196,3
392,85
392,4
0.015625,2
0.0078125,1
0.0078125,1
392,86
0.0078125,86
0.0078125,1
0.0078125,1
392,1
0.0078125,1
392,2
392,2
16,3
392,3
392,76
392,4
0.015625,2
0.0078125,1
0.0078125,1
392,77
0.0078125,77
0.0078125,1
0.0078125,1
392,1
0.0078125,1
8,72
392,2
0.5,70
1,3
8,3
0.5,3
8,64
1,3
0.5,3
8,3
392,2
8,2
392,59
392,29
196,2
8,3
392,4
196,49
196,4
0.0078125,2
0.00390625,1
0.00390625,1
196,50
0.00390625,50
0.00390625,1
0.00390625,1
196,1
0.00390625,1
196,2
392,2
72,3
196,3
392,40
392,4
0.015625,2
0.0078125,1
0.0078125,1
392,41
0.0078125,41
0.0078125,1
0.0078125,1
392,1
0.0078125,1
392,2
392,2
16,3
392,3
392,31
392,4
0.015625,2
0.0078125,1
0.0078125,1
392,32
0.0078125,32
0.0078125,1
0.0078125,1
392,1
0.0078125,1
8,27
392,2
0.5,25
1,3
8,3
0.5,3
8,19
1,3
0.5,3
8,3
392,2
8,2
392,14
392,29
8,2
392,2
8,9
8,6
8,2
3.90625,2
8,3
7.8125,3
0.00390625,2
3.90625,5
0.0820312,3
3136.14,3
3136.29,4
1568.07,3
1569.13,3
3136.25,5
128,3
1568.13,4
3136.13,3
1569.13,3
3136.25,5
128,5
3136.13,3
1569.13,3
3136.25,5
128,5
3136.25,3
3140.5,3
1569,3
128,2
128,3
3140.5,4
1568.5,3
788.504,3
1569,3
128,2
128,5
1568.5,3
788.504,3
1569,3
128,2
128,5
1568.5,3
788.504,3
1569,3
128,2
128,5
1568.5,3
788.504,3
1569,3
128,2
128,5
1568.5,3
788.504,3
1569,3
128,2
128,5
1568.5,3
788.504,3
1569,3
128,2
128,5
1568.5,3
788.504,3
1569,3
128,2
128,5
1569,3
2370,3
788.004,3
128,2
128,3
2370,4
786.004,3
1194,3
788.004,3
128,2
128,5
786.004,3
1194,3
788.004,3
128,2
128,5
786.004,3
1194,3
788.004,3
128,2
128,5
786.004,3
1194,3
788.004,3
128,2
128,5
786.004,3
1194,3
788.004,3
128,2
128,5
786.004,3
1194,3
788.004,3
128,2
128,5
786.004,3
1194,3
788.004,3
128,2
128,5
786.004,3
1194,3
788.004,3
128,2
128,5
786.004,3
1194,3
788.004,3
128,2
128,5
786.004,3
1194,3
788.004,3
128,2
128,5
786.004,3
1194,3
788.004,3
128,2
128,5
786.004,3
1194,3
788.004,3
128,2
128,5
786.004,3
1194,3
788.004,3
128,2
128,5
786.004,3
1194,3
788.004,3
128,2
128,5
786.004,3
1194,3
788.004,3
128,2
128,5
786.004,3
1194,3
788.004,3
128,2
128,5
786.004,3
1194,3
788.004,3
128,2
128,5
786.004,3
1194,3
788.004,3
128,2
128,5
786.004,3
1194,3
788.004,3
128,2
128,5
786.004,3
1194,3
788.004,3
128,2
128,5
786.004,3
1194,3
788.004,3
128,2
128,5
786.004,3
1194,3
788.004,3
128,2
128,5
786.004,3
1194,3
788.004,3
128,2
128,5
786.004,3
1194,3
788.004,3
128,2
128,5
786.004,3
1194,3
788.004,3
128,2
128,5
786.004,3
1194,3
788.004,3
128,2
128,5
786.004,3
1194,3
788.004,3
128,2
128,5
786.004,3
1194,3
788.004,3
128,2
128,5
786.004,3
1194,3
788.004,3
128,2
128,5
786.004,3
1194,3
788.004,3
128,2
128,5
786.004,3
1194,3
788.004,3
128,2
128,5
786.004,3
1194,3
788.004,3
128,2
128,5
786.004,3
1194,3
788.004,3
128,2
128,5
786.004,3
1194,3
788.004,3
128,2
128,5
786.004,3
1194,3
788.004,3
128,2
128,5
788.004,3
1248,3
408.004,3
128,2
128,3
1248,4
400.004,3
660.004,3
408.004,3
128,2
128,5
400.004,3
660.004,3
408.004,3
128,2
128,6
0.25,8
0.25,5
9.50391,1
128,3
1152,6
864.008,1
800.004,5
732.012,1
660.004,5
628.004,1
596.004,6
9.50391,1
128,3
1152,6
864.008,1
800.004,5
732.012,1
660.004,5
628.004,1
596.004,6
1320.01,1
1248.77,4
9.50391,1
128,3
1152,6
864.008,1
800.004,5
1320.01,1
1248.77,5
1676.01,7
4.50391,4
0.253906,6
1676.01,6
1212,1
1194,5
1196,7
4.50391,4
0.253906,6
1676.01,6
1212,1
1194,5
1196,7
4.50391,4
0.253906,6
1676.01,6
1212,1
1194,5
1196,7
4.50391,4
0.253906,6
1676.01,6
1212,1
1194,5
1196,7
4.50391,4
0.253906,6
1676.01,6
1212,1
1194,5
1196,7
4.50391,4
0.253906,6
1676.01,6
1212,1
1194,5
1196,7
4.50391,4
0.253906,6
1676.01,6
1212,1
1194,5
1196,7
4.50391,4
0.253906,6
1676.01,6
1212,1
1194,5
1196,7
4.50391,4
0.253906,6
1676.01,6
1212,1
1194,5
1196,7
4.50391,4
0.253906,6
1676.01,6
1212,1
1194,5
1196,7
4.50391,4
0.253906,6
1676.01,6
1212,1
1194,5
1196,7
4.50391,4
0.253906,6
1676.01,6
1212,1
1194,5
1196,7
4.50391,4
0.253906,6
1676.01,6
1212,1
1194,5
1196,7
4.50391,4
0.253906,6
1676.01,6
1212,1
1194,5
1196,7
4.50391,4
0.253906,6
1676.01,6
1212,1
1194,5
1196,7
4.50391,4
0.253906,6
1676.01,6
1212,1
1194,5
1196,7
4.50391,4
0.253906,6
1676.01,6
1212,1
1194,5
1196,7
4.50391,4
0.253906,6
1676.01,6
1212,1
1194,5
1196,7
4.50391,4
0.253906,6
1676.01,6
1212,1
1194,5
1196,7
4.50391,4
0.253906,6
1676.01,6
1212,1
1194,5
1196,7
4.50391,4
0.253906,6
1676.01,6
1212,1
1194,5
1196,7
4.50391,4
0.253906,6
1676.01,6
1212,1
1194,5
1196,7
4.50391,4
0.253906,6
1676.01,6
1212,1
1194,5
1196,7
4.50391,4
0.253906,6
1676.01,6
1212,1
1194,5
1196,7
4.50391,4
0.253906,6
1676.01,6
1212,1
1194,5
1196,7
4.50391,4
0.253906,6
1676.01,6
1212,1
1194,5
1196,7
4.50391,4
0.253906,6
1676.01,6
1212,1
1194,5
1196,7
4.50391,4
0.253906,6
1676.01,6
1212,1
1194,5
1196,7
4.50391,4
0.253906,6
1676.01,6
1212,1
1194,5
1196,7
4.50391,4
0.253906,6
1676.01,6
1212,1
1194,5
1196,7
4.50391,4
0.253906,6
1676.01,6
1212,1
1194,5
1196,7
4.50391,4
0.253906,6
1676.01,6
1212,1
1194,5
1196,7
4.50391,4
0.253906,6
1676.01,6
1212,1
1194,5
1196,7
4.50391,4
0.253906,6
1676.01,6
1212,1
1194,5
1196,7
4.50391,4
0.253906,6
1676.01,6
1212,1
1194,5
1196,7
2388,1
2373.07,4
4.50391,4
0.253906,6
1676.01,6
2388,1
2373.07,5
1024,7
2.19141,1
128,3
2.19141,1
128,5
1024,6
2361,1
2356.5,5
512,7
2.19141,1
128,3
2.19141,1
128,5
1024,6
2361,1
2356.5,5
512,7
2.19141,1
128,3
2.19141,1
128,5
1024,6
2361,1
2356.5,5
512,7
2.19141,1
128,3
2.19141,1
128,5
1024,6
2361,1
2356.5,5
512,7
2.19141,1
128,3
2.19141,1
128,5
1024,6
2361,1
2356.5,5
512,7
2.19141,1
128,3
2.19141,1
128,5
1024,6
2361,1
2356.5,5
512,7
2.19141,1
128,3
2.19141,1
128,5
1024,6
2361,1
2356.5,5
512,7
4713,1
4720.76,4
2.19141,1
128,3
2.19141,1
128,5
1024,6
4713,1
4720.76,5
384,7
144,1
128,4
128,5
384,6
4717.5,1
4705.13,5
128,1
128,6
144,1
128,4
128,5
384,6
4717.5,1
4705.13,5
128,1
128,6
256,5
144,1
128,4
128,5
384,6
4717.5,1
4705.13,5
64,1
128,7
9421.41,1
9408.29,5
6273.69,1
6272.14,8
